id,instructor_id,student_id,grad_date,grade
1,FBA41AB5-BD23-5D83-8D6E-B64AED8C315E,69EC1EB5-9B44-5D28-956B-1D46FCAB60C9,2020-02-21,C-
2,ABAC3A56-4A9C-F8D1-91E4-46481B939228,41858618-9C5E-E132-D4E4-EE8B72DAB4C7,2017-03-01,F
3,233A3393-AF24-F522-DF5F-C0DAFE8B391B,E71551A1-6FC3-9C8C-BB11-5A697F4972CA,2018-10-04,D+
4,83C5589D-44B7-587C-AF68-50F3BD12EF28,7FD2C226-EBF8-DB59-F24F-6EB0559FD173,2021-06-10,C-
5,ABAC3A56-4A9C-F8D1-91E4-46481B939228,0768276D-EDDC-9D2D-2E73-36253B3A5CD8,2021-01-17,C
6,DA430AD1-845C-437C-E99D-6C39F7A4413B,5F62BA05-9C16-E757-0257-72520846EE75,2020-01-05,D-
7,83C5589D-44B7-587C-AF68-50F3BD12EF28,0768276D-EDDC-9D2D-2E73-36253B3A5CD8,2017-03-19,A+
8,55E9D3E5-4AEB-CBE9-1E95-CCB28BE0BED0,E93D5240-3A65-D499-6391-B9DD5D7AA264,2018-08-26,C
9,C253E446-2877-1E28-815B-37104CCCEEF5,C2ABD702-11F3-AA4D-A60B-8173B4CACCE4,2020-12-12,B+
10,AB538452-2535-AD05-F812-CAAEDB63DC4F,5F62BA05-9C16-E757-0257-72520846EE75,2019-10-06,D
11,AB538452-2535-AD05-F812-CAAEDB63DC4F,95034968-874A-353E-BEC0-D9207DAED219,2019-05-17,D-
12,DA430AD1-845C-437C-E99D-6C39F7A4413B,4ECAEDB6-B2F6-C77C-2785-C3E107AD2B1D,2017-09-18,C+
13,DF643763-AD6D-DD37-14BA-3726E2C4A2B7,1A1E2493-BF55-37EE-8B74-D641D43AD416,2018-10-21,B+
14,676E235A-73A2-FD5D-2AAE-BE9D67988A5A,987386A3-6664-39DD-E6A3-2B68395DEE02,2019-04-27,C-
15,83C5589D-44B7-587C-AF68-50F3BD12EF28,F93680D4-6488-4DC8-9BE4-6CAE34EC90CB,2018-11-16,A
16,DF643763-AD6D-DD37-14BA-3726E2C4A2B7,55A02FB6-4337-F148-4251-D61988772CA5,2021-01-24,B+
17,91851D1A-1CB9-1F92-0D58-EA3EAAE4AE8E,79E5BDE7-6765-463E-42A3-8CF96A66A043,2018-08-21,B+
18,2C50CDC7-1AAC-2C83-5786-1B7643EBB47E,6490D38E-977E-070C-0C39-38784FD4D10D,2021-09-23,B+
19,3AA1182C-ABD1-ABF6-36A9-5833DD3375A9,E5C66A3A-1D75-6F42-6175-E80CE7226456,2021-07-01,B+
20,233A3393-AF24-F522-DF5F-C0DAFE8B391B,CA716A49-5494-6BBD-22C9-B49EECF5764D,2018-09-19,A-
21,543ACB58-16F0-366B-A18A-E15B894AD9E9,0A5576AE-9E38-5333-EABE-7E8DE0F3ACD3,2020-04-30,A
22,C253E446-2877-1E28-815B-37104CCCEEF5,1325E6D1-E308-1B88-06E7-986DE8710194,2021-02-12,A
23,99B28EF4-D47A-FD3D-0298-5D783BDC2C3F,0537C921-ED1D-D912-3BA0-C4030BAFB338,2019-03-15,D-
24,A2EB3077-9B68-97D4-9963-9B3462E9C35B,17BC2097-8B9C-FE2C-9DB3-A7936C8A7768,2016-12-26,B
25,4D954573-D9C7-01E7-EAEC-8EAE910FB29E,A8760C64-2C36-093A-3CAB-9E3970B090B5,2019-01-21,B
26,DA430AD1-845C-437C-E99D-6C39F7A4413B,CEAB285B-59CD-0E89-5AE9-34F31E5BAD20,2017-05-31,D-
27,DA430AD1-845C-437C-E99D-6C39F7A4413B,36A3C2CE-17E1-02A8-C7BB-DBD17746AD3A,2019-05-12,D
28,68C594E3-83A0-EACD-C681-576994EB041E,5127D3B3-9A06-184A-AE8B-322EA763524F,2021-01-07,F
29,FBA41AB5-BD23-5D83-8D6E-B64AED8C315E,A6A1D23A-DF37-392A-9EB2-B6E68E436F08,2019-04-28,F
30,428A3368-2033-E471-3DBB-E5E39FA22164,B634F3B8-85D3-B71C-7917-347328BEE052,2021-01-15,A-
31,68C594E3-83A0-EACD-C681-576994EB041E,8D8258D9-BDB8-7AEA-2EEE-9EE9919DA168,2020-09-09,F
32,4D954573-D9C7-01E7-EAEC-8EAE910FB29E,29A6B575-981B-D96B-9AE9-B144C2535A25,2016-11-08,D+
33,3AA1182C-ABD1-ABF6-36A9-5833DD3375A9,E2C5106C-5831-E118-63C9-887C336CEC29,2018-07-29,C+
34,4D954573-D9C7-01E7-EAEC-8EAE910FB29E,48548749-8343-76B4-7B35-374A62143461,2019-07-29,C-
35,99B28EF4-D47A-FD3D-0298-5D783BDC2C3F,B313617D-421D-E846-57AE-5A4D64A12D38,2019-01-27,C-
36,AB538452-2535-AD05-F812-CAAEDB63DC4F,82E865EB-4FC4-B675-35A6-181DC9D39B02,2021-09-20,D-
37,543ACB58-16F0-366B-A18A-E15B894AD9E9,D285539E-55AE-69FF-6186-A7A4BB3133E1,2016-12-04,D+
38,4DC3EBE9-9273-D5C6-4EFE-979A6A39FD36,CA716A49-5494-6BBD-22C9-B49EECF5764D,2017-12-03,D
39,543ACB58-16F0-366B-A18A-E15B894AD9E9,0A5576AE-9E38-5333-EABE-7E8DE0F3ACD3,2018-12-18,A-
40,A39E9D52-2146-BA6F-D955-4C60C68CF133,45879C5E-698A-69F8-A5A8-0918B5C16842,2018-08-14,A
41,860AC510-9AEE-6EEC-EA56-84646D575447,A2BDB2AC-7B3B-77E9-00EA-7984D5F4D1AC,2018-07-17,B
42,DF643763-AD6D-DD37-14BA-3726E2C4A2B7,69EC1EB5-9B44-5D28-956B-1D46FCAB60C9,2019-12-12,D
43,4DC3EBE9-9273-D5C6-4EFE-979A6A39FD36,86D7FB64-762E-54A4-79E9-725B53D67D8B,2021-01-30,A+
44,DA430AD1-845C-437C-E99D-6C39F7A4413B,CEAB285B-59CD-0E89-5AE9-34F31E5BAD20,2020-11-04,C+
45,A2EB3077-9B68-97D4-9963-9B3462E9C35B,0768276D-EDDC-9D2D-2E73-36253B3A5CD8,2020-11-12,A+
46,4D954573-D9C7-01E7-EAEC-8EAE910FB29E,CD2B16BE-D4DE-C9BF-151B-5DE605003843,2019-05-13,F
47,91851D1A-1CB9-1F92-0D58-EA3EAAE4AE8E,BC7CFDD9-87A2-3443-E17D-90A3FEA39F04,2019-12-10,A+
48,2C50CDC7-1AAC-2C83-5786-1B7643EBB47E,39116DCD-913D-CC0D-847E-525404A6E0C5,2020-12-31,B+
49,ABAC3A56-4A9C-F8D1-91E4-46481B939228,34281572-2688-2956-6CCB-224FC40DB432,2020-08-23,C+
50,FBA41AB5-BD23-5D83-8D6E-B64AED8C315E,725BBC88-7803-260B-9B78-33DBBB9B05E2,2019-06-07,B+
51,A39E9D52-2146-BA6F-D955-4C60C68CF133,4D63CD67-82A4-0502-7DE6-A7CF1786F1B4,2020-09-30,C
52,2C50CDC7-1AAC-2C83-5786-1B7643EBB47E,62C62537-5FC9-ED75-BF74-A486B14A776C,2020-06-08,B-
53,91851D1A-1CB9-1F92-0D58-EA3EAAE4AE8E,B5B4EB8C-364E-9562-96A2-8780D98A6207,2020-04-03,D+
54,860AC510-9AEE-6EEC-EA56-84646D575447,15BE76DD-54AF-6BDD-5878-DE33DE23D977,2018-03-02,B+
55,A39E9D52-2146-BA6F-D955-4C60C68CF133,73B44813-9350-BC3C-2CD7-8B4EAD8AEEE9,2021-05-28,C
56,2C50CDC7-1AAC-2C83-5786-1B7643EBB47E,29C79886-AF6D-A9E2-D54F-84633DBB998A,2017-03-08,F
57,FBA41AB5-BD23-5D83-8D6E-B64AED8C315E,B5B4EB8C-364E-9562-96A2-8780D98A6207,2019-03-05,C
58,DA430AD1-845C-437C-E99D-6C39F7A4413B,5C8069F9-38AF-7836-4A7B-725584E368BE,2019-09-11,D+
59,A39E9D52-2146-BA6F-D955-4C60C68CF133,552C1C4A-EE58-ED65-AF81-E8448FBA21F0,2021-01-15,C
60,DA430AD1-845C-437C-E99D-6C39F7A4413B,9A24CF84-96EA-3F9C-87F6-39B68DC8D1BE,2019-05-18,C+
61,ABAC3A56-4A9C-F8D1-91E4-46481B939228,37760C63-4E56-B119-DA06-848AE4989F19,2017-12-28,C+
62,55E9D3E5-4AEB-CBE9-1E95-CCB28BE0BED0,CEAB285B-59CD-0E89-5AE9-34F31E5BAD20,2017-04-13,C-
63,FBA41AB5-BD23-5D83-8D6E-B64AED8C315E,E4675BDE-E3F4-92E7-E841-279B6E68DC3E,2019-08-14,A-
64,676E235A-73A2-FD5D-2AAE-BE9D67988A5A,B8E21E34-04E5-7304-73EA-5B2958D88384,2019-09-11,B-
65,418D4CDD-A4ED-5EF2-1134-CECF969C45E9,5588A1D7-8D32-6211-E79D-2232BD693615,2021-02-21,D
66,99B28EF4-D47A-FD3D-0298-5D783BDC2C3F,CA716A49-5494-6BBD-22C9-B49EECF5764D,2019-11-05,B+
67,07DD54FC-B7B3-1585-C120-F9E41BB353D8,3A347285-6148-49CB-C02D-2DEBD71A72B8,2017-11-12,B-
68,FBA41AB5-BD23-5D83-8D6E-B64AED8C315E,BBA3782E-2240-D7A2-D26D-AAE9E7843A7C,2018-08-27,D
69,860AC510-9AEE-6EEC-EA56-84646D575447,013F16BE-3E6C-88B1-24E8-71DAA51E24FD,2017-12-22,F
70,E1E8D645-7474-2073-13A6-148E846F8719,5127D3B3-9A06-184A-AE8B-322EA763524F,2021-08-14,D
71,4D954573-D9C7-01E7-EAEC-8EAE910FB29E,B9AB7B1A-7A52-823F-657A-878625D6C2D6,2016-11-22,B
72,07DD54FC-B7B3-1585-C120-F9E41BB353D8,1E94F2A5-DD88-A4DA-AE16-1757B3A9CF57,2020-10-14,B
73,860AC510-9AEE-6EEC-EA56-84646D575447,E26A379E-9DA5-D7F7-E188-91D76DDC82C5,2018-08-30,D+
74,68C594E3-83A0-EACD-C681-576994EB041E,2BDAA9B6-9476-6483-1644-62A682B533B1,2020-01-23,F
75,4DC3EBE9-9273-D5C6-4EFE-979A6A39FD36,6E6D565E-6D74-BBD3-6653-6973D11D48E5,2017-03-13,F
76,860AC510-9AEE-6EEC-EA56-84646D575447,95034968-874A-353E-BEC0-D9207DAED219,2017-10-04,A
77,68C594E3-83A0-EACD-C681-576994EB041E,37C16A77-A8DE-CC5C-9D29-E45B16CC2E26,2020-05-14,A-
78,4DC3EBE9-9273-D5C6-4EFE-979A6A39FD36,4D63CD67-82A4-0502-7DE6-A7CF1786F1B4,2020-03-01,C-
79,E1E8D645-7474-2073-13A6-148E846F8719,1821B6D0-A774-7BA2-722E-9BBBD3C2F616,2019-03-15,A+
80,4DC3EBE9-9273-D5C6-4EFE-979A6A39FD36,DE5B9FE2-6648-DDD8-7648-31A6ECBA19D9,2019-02-18,C
81,428A3368-2033-E471-3DBB-E5E39FA22164,9B1B7101-C5C8-1EE3-88B8-DA09A8436B25,2019-06-05,C
82,DF643763-AD6D-DD37-14BA-3726E2C4A2B7,F843A625-D636-EC53-1002-97571AB1388C,2018-10-04,C+
83,91851D1A-1CB9-1F92-0D58-EA3EAAE4AE8E,45879C5E-698A-69F8-A5A8-0918B5C16842,2018-10-07,B
84,860AC510-9AEE-6EEC-EA56-84646D575447,8425430E-6B92-CC11-167C-69B9D31EEA43,2017-07-22,D
85,2C50CDC7-1AAC-2C83-5786-1B7643EBB47E,1D8C3B5A-B1D6-2645-65A3-81E7732398AD,2018-02-05,A
86,418D4CDD-A4ED-5EF2-1134-CECF969C45E9,A8760C64-2C36-093A-3CAB-9E3970B090B5,2018-04-20,C
87,AF0C7752-6A63-55E2-A4ED-9B9B922A3EA6,B5ED7706-4799-EA99-9A2D-BCD243EC41CB,2018-09-16,A
88,A2EB3077-9B68-97D4-9963-9B3462E9C35B,596871A5-9D24-8145-F126-D3EB45BA95B4,2017-04-11,A-
89,F99C396B-651A-6CC9-642A-86EC0D7D9471,D27B21C1-2E68-CB6A-14FC-C76820A1624E,2017-10-01,C+
90,07DD54FC-B7B3-1585-C120-F9E41BB353D8,55A02FB6-4337-F148-4251-D61988772CA5,2017-11-16,F
91,1ECDE44C-FA80-B1B7-55B3-AC6BB57DC5B2,C1414124-1E2F-AB55-AEB7-E93DF04DC429,2020-10-10,A+
92,68C594E3-83A0-EACD-C681-576994EB041E,7569241E-2451-A646-9C79-B6B72E237378,2021-01-20,B-
93,68C594E3-83A0-EACD-C681-576994EB041E,DC50889C-8D5E-A485-3C35-11842C3CC372,2021-06-26,A
94,C253E446-2877-1E28-815B-37104CCCEEF5,E5C66A3A-1D75-6F42-6175-E80CE7226456,2019-06-09,C-
95,FBA41AB5-BD23-5D83-8D6E-B64AED8C315E,14341DD4-C485-5E2B-62C8-CB0AE3051BB1,2020-11-17,C
96,3AA1182C-ABD1-ABF6-36A9-5833DD3375A9,49A09EAA-E6B8-FD2D-74EB-5C761CA47534,2021-08-24,C+
97,A2EB3077-9B68-97D4-9963-9B3462E9C35B,99934E62-34A9-42D7-9EBF-42E3FD93917D,2020-01-15,C+
98,E1E8D645-7474-2073-13A6-148E846F8719,5C8069F9-38AF-7836-4A7B-725584E368BE,2018-02-01,F
99,AF0C7752-6A63-55E2-A4ED-9B9B922A3EA6,9A24CF84-96EA-3F9C-87F6-39B68DC8D1BE,2021-01-28,C
100,4DC3EBE9-9273-D5C6-4EFE-979A6A39FD36,BA606248-357B-7536-1797-3291DE32715A,2021-01-26,B-
101,233A3393-AF24-F522-DF5F-C0DAFE8B391B,4ECAEDB6-B2F6-C77C-2785-C3E107AD2B1D,2019-06-21,A-
102,91851D1A-1CB9-1F92-0D58-EA3EAAE4AE8E,8AC65790-1636-37E8-A674-4E19A22096A2,2019-06-16,C-
103,ABAC3A56-4A9C-F8D1-91E4-46481B939228,A4A5AA24-2D73-42B6-7814-448DA013D2C3,2019-03-06,D
104,4D954573-D9C7-01E7-EAEC-8EAE910FB29E,DC50889C-8D5E-A485-3C35-11842C3CC372,2020-03-17,A+
105,ABAC3A56-4A9C-F8D1-91E4-46481B939228,9A1E59F5-E11C-DDBA-7247-5912C8A786A5,2018-01-21,B-
106,68C594E3-83A0-EACD-C681-576994EB041E,A64A96C8-EE5C-B64B-AFF4-72F86244C5E7,2019-07-04,F
107,07DD54FC-B7B3-1585-C120-F9E41BB353D8,4ECAEDB6-B2F6-C77C-2785-C3E107AD2B1D,2021-10-22,A
108,DA430AD1-845C-437C-E99D-6C39F7A4413B,B3D42A8B-D2F5-4DF2-6029-84BB71DEBDCD,2018-12-31,B+
109,AB538452-2535-AD05-F812-CAAEDB63DC4F,684D3B18-92E1-AD78-1D94-78C99A111D60,2020-06-21,A-
110,AB538452-2535-AD05-F812-CAAEDB63DC4F,B5ED7706-4799-EA99-9A2D-BCD243EC41CB,2018-08-06,D+
111,543ACB58-16F0-366B-A18A-E15B894AD9E9,B5ED7706-4799-EA99-9A2D-BCD243EC41CB,2017-11-09,D-
112,251531CB-F77F-D1A2-5414-F7C14CC89CF8,E5C66A3A-1D75-6F42-6175-E80CE7226456,2019-02-17,B-
113,ABAC3A56-4A9C-F8D1-91E4-46481B939228,08D3DE58-FB5F-AB71-0E10-26DA56026448,2019-02-19,D-
114,676E235A-73A2-FD5D-2AAE-BE9D67988A5A,E5C66A3A-1D75-6F42-6175-E80CE7226456,2017-12-29,D-
115,99B28EF4-D47A-FD3D-0298-5D783BDC2C3F,0A2955BB-11B6-CCB2-D956-55BFCB67FA94,2020-09-21,B-
116,A2EB3077-9B68-97D4-9963-9B3462E9C35B,36A3C2CE-17E1-02A8-C7BB-DBD17746AD3A,2017-02-09,C
117,83C5589D-44B7-587C-AF68-50F3BD12EF28,43B039F5-7E5B-6CB2-14DD-D372DF76A4F6,2018-01-23,A+
118,3AA1182C-ABD1-ABF6-36A9-5833DD3375A9,62C62537-5FC9-ED75-BF74-A486B14A776C,2020-08-23,F
119,418D4CDD-A4ED-5EF2-1134-CECF969C45E9,BCE4EA22-C77B-C57D-C66D-9564D26037D8,2018-10-10,C+
120,DF643763-AD6D-DD37-14BA-3726E2C4A2B7,C1414124-1E2F-AB55-AEB7-E93DF04DC429,2020-09-29,B
121,251531CB-F77F-D1A2-5414-F7C14CC89CF8,CA716A49-5494-6BBD-22C9-B49EECF5764D,2017-04-14,C-
122,DF643763-AD6D-DD37-14BA-3726E2C4A2B7,1A1E2493-BF55-37EE-8B74-D641D43AD416,2019-07-31,A
123,07DD54FC-B7B3-1585-C120-F9E41BB353D8,8D8258D9-BDB8-7AEA-2EEE-9EE9919DA168,2020-01-06,B+
124,251531CB-F77F-D1A2-5414-F7C14CC89CF8,1407716C-A72F-2ABB-AC66-E2319BE4DCEC,2018-03-04,B-
125,55E9D3E5-4AEB-CBE9-1E95-CCB28BE0BED0,818965AF-17F4-795D-0062-D0E942F14F44,2018-12-03,A-
126,AF0C7752-6A63-55E2-A4ED-9B9B922A3EA6,596871A5-9D24-8145-F126-D3EB45BA95B4,2019-06-21,A+
127,676E235A-73A2-FD5D-2AAE-BE9D67988A5A,818965AF-17F4-795D-0062-D0E942F14F44,2019-11-10,A-
128,C253E446-2877-1E28-815B-37104CCCEEF5,8063871B-B7CD-C6C0-A5AA-C04F8C584EBD,2019-07-22,A+
129,DF643763-AD6D-DD37-14BA-3726E2C4A2B7,8063871B-B7CD-C6C0-A5AA-C04F8C584EBD,2019-08-12,F
130,543ACB58-16F0-366B-A18A-E15B894AD9E9,B5AC1F76-5DA6-017A-2A6C-2C685AAD32A4,2021-10-10,B
131,676E235A-73A2-FD5D-2AAE-BE9D67988A5A,5C8069F9-38AF-7836-4A7B-725584E368BE,2019-09-15,A-
132,2C50CDC7-1AAC-2C83-5786-1B7643EBB47E,4F63A1A1-168F-67EB-4E26-C98C6DDD602B,2017-05-25,C-
133,91851D1A-1CB9-1F92-0D58-EA3EAAE4AE8E,F843A625-D636-EC53-1002-97571AB1388C,2018-10-18,C-
134,DA430AD1-845C-437C-E99D-6C39F7A4413B,63ADC824-2480-2ADE-244C-8C3B42BC1969,2020-03-01,A-
135,A2EB3077-9B68-97D4-9963-9B3462E9C35B,E93D5240-3A65-D499-6391-B9DD5D7AA264,2017-08-30,B+
136,DF643763-AD6D-DD37-14BA-3726E2C4A2B7,34E5C978-017C-2314-65B4-218E890E1814,2020-07-11,D-
137,251531CB-F77F-D1A2-5414-F7C14CC89CF8,55A02FB6-4337-F148-4251-D61988772CA5,2018-09-01,D-
138,543ACB58-16F0-366B-A18A-E15B894AD9E9,4AADF33D-F735-6981-1BDE-15AC8FCD1D07,2019-02-25,A-
139,2C50CDC7-1AAC-2C83-5786-1B7643EBB47E,73B44813-9350-BC3C-2CD7-8B4EAD8AEEE9,2017-07-21,A
140,55E9D3E5-4AEB-CBE9-1E95-CCB28BE0BED0,F93680D4-6488-4DC8-9BE4-6CAE34EC90CB,2018-06-15,B+
141,F99C396B-651A-6CC9-642A-86EC0D7D9471,54673C31-10D3-D39A-2DA8-9C1CC428B867,2018-11-29,F
142,4DC3EBE9-9273-D5C6-4EFE-979A6A39FD36,1D1106A0-97A5-04AD-7506-7192D5707D04,2019-07-11,D+
143,2C50CDC7-1AAC-2C83-5786-1B7643EBB47E,BD5953A5-84AC-521E-CC14-EE81C1B181E7,2017-06-30,A-
144,E1E8D645-7474-2073-13A6-148E846F8719,A64A96C8-EE5C-B64B-AFF4-72F86244C5E7,2021-01-06,A+
145,418D4CDD-A4ED-5EF2-1134-CECF969C45E9,2222EE78-298C-39EC-C42B-09DAE73F5974,2019-06-14,D
146,ABAC3A56-4A9C-F8D1-91E4-46481B939228,1A1E2493-BF55-37EE-8B74-D641D43AD416,2019-02-12,C
147,ABAC3A56-4A9C-F8D1-91E4-46481B939228,E71551A1-6FC3-9C8C-BB11-5A697F4972CA,2019-11-30,C
148,1B13349B-3DA1-37E1-0546-6E1CD9395F94,9711FC7E-CB0D-9C7D-E9A5-31E70919B98A,2018-03-28,D-
149,428A3368-2033-E471-3DBB-E5E39FA22164,7CDAE322-E683-2790-9969-182504E13DB2,2021-06-14,C
150,233A3393-AF24-F522-DF5F-C0DAFE8B391B,48548749-8343-76B4-7B35-374A62143461,2021-04-05,B-
151,251531CB-F77F-D1A2-5414-F7C14CC89CF8,69EC1EB5-9B44-5D28-956B-1D46FCAB60C9,2020-02-25,A+
152,F99C396B-651A-6CC9-642A-86EC0D7D9471,0A2955BB-11B6-CCB2-D956-55BFCB67FA94,2018-08-14,D
153,418D4CDD-A4ED-5EF2-1134-CECF969C45E9,B5ED7706-4799-EA99-9A2D-BCD243EC41CB,2019-12-09,A
154,E1E8D645-7474-2073-13A6-148E846F8719,A2BDB2AC-7B3B-77E9-00EA-7984D5F4D1AC,2017-09-10,A-
155,91851D1A-1CB9-1F92-0D58-EA3EAAE4AE8E,987386A3-6664-39DD-E6A3-2B68395DEE02,2020-01-04,C
156,AB538452-2535-AD05-F812-CAAEDB63DC4F,4F63A1A1-168F-67EB-4E26-C98C6DDD602B,2020-01-26,C+
157,68C594E3-83A0-EACD-C681-576994EB041E,5DA81C44-9B7E-3457-74EE-BC9ED4D97B3D,2019-03-03,C
158,99B28EF4-D47A-FD3D-0298-5D783BDC2C3F,95CE27EC-C683-5778-72F9-718EE98EFDEB,2021-04-12,A
159,E1E8D645-7474-2073-13A6-148E846F8719,1A1E2493-BF55-37EE-8B74-D641D43AD416,2017-12-15,D-
160,418D4CDD-A4ED-5EF2-1134-CECF969C45E9,45879C5E-698A-69F8-A5A8-0918B5C16842,2019-08-24,B
161,4D954573-D9C7-01E7-EAEC-8EAE910FB29E,08D3DE58-FB5F-AB71-0E10-26DA56026448,2020-08-16,B-
162,55E9D3E5-4AEB-CBE9-1E95-CCB28BE0BED0,DE5B9FE2-6648-DDD8-7648-31A6ECBA19D9,2017-06-22,A+
163,1B13349B-3DA1-37E1-0546-6E1CD9395F94,4F63A1A1-168F-67EB-4E26-C98C6DDD602B,2019-05-10,F
164,07DD54FC-B7B3-1585-C120-F9E41BB353D8,6490D38E-977E-070C-0C39-38784FD4D10D,2021-04-18,B-
165,2C50CDC7-1AAC-2C83-5786-1B7643EBB47E,0768276D-EDDC-9D2D-2E73-36253B3A5CD8,2020-04-20,C-
166,2C50CDC7-1AAC-2C83-5786-1B7643EBB47E,63ADC824-2480-2ADE-244C-8C3B42BC1969,2019-08-10,F
167,FBA41AB5-BD23-5D83-8D6E-B64AED8C315E,6A9085E1-E642-5689-778B-2BCD501C8AAB,2017-04-17,B
168,91851D1A-1CB9-1F92-0D58-EA3EAAE4AE8E,7569241E-2451-A646-9C79-B6B72E237378,2021-05-26,F
169,4DC3EBE9-9273-D5C6-4EFE-979A6A39FD36,62C62537-5FC9-ED75-BF74-A486B14A776C,2019-01-28,A-
170,2C50CDC7-1AAC-2C83-5786-1B7643EBB47E,86CBEBD8-4691-034C-33ED-21A421442134,2019-04-02,B-
171,F99C396B-651A-6CC9-642A-86EC0D7D9471,57B3588A-6C3C-4989-7174-3F43C90430DB,2020-09-20,C-
172,E1E8D645-7474-2073-13A6-148E846F8719,4ECAEDB6-B2F6-C77C-2785-C3E107AD2B1D,2018-08-26,A-
173,68C594E3-83A0-EACD-C681-576994EB041E,CCE5EE2B-1B81-80E3-E318-3B4AB1E1B8A3,2020-09-12,F
174,AB538452-2535-AD05-F812-CAAEDB63DC4F,BBA3782E-2240-D7A2-D26D-AAE9E7843A7C,2018-02-06,C+
175,4D954573-D9C7-01E7-EAEC-8EAE910FB29E,0A5576AE-9E38-5333-EABE-7E8DE0F3ACD3,2018-07-11,A
176,68C594E3-83A0-EACD-C681-576994EB041E,17BC2097-8B9C-FE2C-9DB3-A7936C8A7768,2017-09-26,D
177,4D954573-D9C7-01E7-EAEC-8EAE910FB29E,8515B6DA-F7CA-E866-7DD3-95CA6DA54333,2021-08-09,D-
178,FBA41AB5-BD23-5D83-8D6E-B64AED8C315E,63ADC824-2480-2ADE-244C-8C3B42BC1969,2021-04-09,A
179,C253E446-2877-1E28-815B-37104CCCEEF5,CA716A49-5494-6BBD-22C9-B49EECF5764D,2021-06-29,F
180,676E235A-73A2-FD5D-2AAE-BE9D67988A5A,45879C5E-698A-69F8-A5A8-0918B5C16842,2020-06-04,C+
181,860AC510-9AEE-6EEC-EA56-84646D575447,CB9670A1-5676-253E-DC8C-5B9CD714F9E7,2021-10-09,C+
182,83C5589D-44B7-587C-AF68-50F3BD12EF28,6E358534-1A48-1452-AF14-A6D93F11135B,2018-09-21,D+
183,428A3368-2033-E471-3DBB-E5E39FA22164,99934E62-34A9-42D7-9EBF-42E3FD93917D,2020-12-10,C
184,251531CB-F77F-D1A2-5414-F7C14CC89CF8,A3935073-FCBA-8297-5E79-25ECC3BC7FBA,2021-03-29,A-
185,07DD54FC-B7B3-1585-C120-F9E41BB353D8,A6A1D23A-DF37-392A-9EB2-B6E68E436F08,2021-09-26,D
186,AB538452-2535-AD05-F812-CAAEDB63DC4F,123B4733-8447-42F6-092D-83CCAEAA0B04,2017-05-24,D-
187,55E9D3E5-4AEB-CBE9-1E95-CCB28BE0BED0,A4A5AA24-2D73-42B6-7814-448DA013D2C3,2019-04-13,D
188,FBA41AB5-BD23-5D83-8D6E-B64AED8C315E,C4219BE4-3719-BDB6-DA42-F192189ACD7A,2018-02-27,D
189,E1E8D645-7474-2073-13A6-148E846F8719,B4B5C026-4EF6-D225-C84B-D726FFA7327F,2021-02-05,C+
190,860AC510-9AEE-6EEC-EA56-84646D575447,9B1B7101-C5C8-1EE3-88B8-DA09A8436B25,2020-06-23,A+
191,3AA1182C-ABD1-ABF6-36A9-5833DD3375A9,419EDDE1-687E-5DF3-528D-C328F8125327,2019-04-16,B
192,251531CB-F77F-D1A2-5414-F7C14CC89CF8,DE5B9FE2-6648-DDD8-7648-31A6ECBA19D9,2018-06-08,C+
193,07DD54FC-B7B3-1585-C120-F9E41BB353D8,5DDF2B86-240E-4C32-3646-71AC054131C9,2019-06-10,B-
194,233A3393-AF24-F522-DF5F-C0DAFE8B391B,14B38BD6-A2D6-18AB-71A6-F9883743635D,2021-05-27,A+
195,C253E446-2877-1E28-815B-37104CCCEEF5,8EE7BDD2-A3D3-E62B-DEB3-3431973B87FA,2018-09-05,B
196,2C50CDC7-1AAC-2C83-5786-1B7643EBB47E,152424AC-4766-89A6-2CEA-82EA99E05256,2017-05-09,B-
197,A39E9D52-2146-BA6F-D955-4C60C68CF133,C2ABD702-11F3-AA4D-A60B-8173B4CACCE4,2020-09-20,D+
198,99B28EF4-D47A-FD3D-0298-5D783BDC2C3F,E2C5106C-5831-E118-63C9-887C336CEC29,2021-05-22,A+
199,83C5589D-44B7-587C-AF68-50F3BD12EF28,69EC1EB5-9B44-5D28-956B-1D46FCAB60C9,2020-09-14,B+
200,91851D1A-1CB9-1F92-0D58-EA3EAAE4AE8E,8D8258D9-BDB8-7AEA-2EEE-9EE9919DA168,2020-03-19,A+
201,FBA41AB5-BD23-5D83-8D6E-B64AED8C315E,8425430E-6B92-CC11-167C-69B9D31EEA43,2017-11-27,A-
202,83C5589D-44B7-587C-AF68-50F3BD12EF28,EF5C34B9-1163-1ED9-E882-873692CF9789,2017-11-26,A-
203,68C594E3-83A0-EACD-C681-576994EB041E,B5B4EB8C-364E-9562-96A2-8780D98A6207,2019-09-04,B
204,2C50CDC7-1AAC-2C83-5786-1B7643EBB47E,2BDAA9B6-9476-6483-1644-62A682B533B1,2017-03-12,C+
205,DF643763-AD6D-DD37-14BA-3726E2C4A2B7,5893126D-4DAA-95CE-D6CD-2A2F1D72E63A,2021-06-27,B
206,68C594E3-83A0-EACD-C681-576994EB041E,0768276D-EDDC-9D2D-2E73-36253B3A5CD8,2019-08-10,C
207,F99C396B-651A-6CC9-642A-86EC0D7D9471,C1414124-1E2F-AB55-AEB7-E93DF04DC429,2017-12-25,B
208,DF643763-AD6D-DD37-14BA-3726E2C4A2B7,34281572-2688-2956-6CCB-224FC40DB432,2017-03-23,C+
209,DA430AD1-845C-437C-E99D-6C39F7A4413B,554733BA-91CB-913C-5E6D-43E5C74B3540,2016-12-01,D-
210,99B28EF4-D47A-FD3D-0298-5D783BDC2C3F,B634F3B8-85D3-B71C-7917-347328BEE052,2020-09-06,D
211,ABAC3A56-4A9C-F8D1-91E4-46481B939228,405EC655-0424-21FB-7C69-3B79337C38EC,2018-09-24,B-
212,91851D1A-1CB9-1F92-0D58-EA3EAAE4AE8E,1821B6D0-A774-7BA2-722E-9BBBD3C2F616,2020-09-18,B-
213,2C50CDC7-1AAC-2C83-5786-1B7643EBB47E,1407716C-A72F-2ABB-AC66-E2319BE4DCEC,2020-12-29,C-
214,C253E446-2877-1E28-815B-37104CCCEEF5,53121C3E-FCB8-CB44-7381-BE13D95D5B58,2019-07-26,D+
215,DA430AD1-845C-437C-E99D-6C39F7A4413B,DC50889C-8D5E-A485-3C35-11842C3CC372,2019-02-25,B
216,251531CB-F77F-D1A2-5414-F7C14CC89CF8,48548749-8343-76B4-7B35-374A62143461,2019-09-10,F
217,DA430AD1-845C-437C-E99D-6C39F7A4413B,5C8069F9-38AF-7836-4A7B-725584E368BE,2017-08-02,D-
218,428A3368-2033-E471-3DBB-E5E39FA22164,013F16BE-3E6C-88B1-24E8-71DAA51E24FD,2018-02-09,B
219,251531CB-F77F-D1A2-5414-F7C14CC89CF8,95CE27EC-C683-5778-72F9-718EE98EFDEB,2020-10-28,B-
220,860AC510-9AEE-6EEC-EA56-84646D575447,39463A65-E266-A981-E87D-23C7D4CD33F6,2019-04-04,A+
221,AF0C7752-6A63-55E2-A4ED-9B9B922A3EA6,8AC65790-1636-37E8-A674-4E19A22096A2,2018-05-22,A
222,07DD54FC-B7B3-1585-C120-F9E41BB353D8,89D21259-9932-A593-DB0F-D5B6827126A4,2020-04-12,F
223,99B28EF4-D47A-FD3D-0298-5D783BDC2C3F,A64A96C8-EE5C-B64B-AFF4-72F86244C5E7,2019-06-23,C-
224,83C5589D-44B7-587C-AF68-50F3BD12EF28,AA8011F4-C92E-D233-0896-DA46029196D3,2019-04-27,C-
225,ABAC3A56-4A9C-F8D1-91E4-46481B939228,9B1B7101-C5C8-1EE3-88B8-DA09A8436B25,2019-11-19,C-
226,55E9D3E5-4AEB-CBE9-1E95-CCB28BE0BED0,0A2955BB-11B6-CCB2-D956-55BFCB67FA94,2020-08-03,B+
227,2C50CDC7-1AAC-2C83-5786-1B7643EBB47E,86CBEBD8-4691-034C-33ED-21A421442134,2020-04-23,B
228,251531CB-F77F-D1A2-5414-F7C14CC89CF8,8EE7BDD2-A3D3-E62B-DEB3-3431973B87FA,2018-11-20,B+
229,68C594E3-83A0-EACD-C681-576994EB041E,818965AF-17F4-795D-0062-D0E942F14F44,2017-02-17,D+
230,E1E8D645-7474-2073-13A6-148E846F8719,39463A65-E266-A981-E87D-23C7D4CD33F6,2019-06-21,C-
231,1B13349B-3DA1-37E1-0546-6E1CD9395F94,B2B91744-BA44-8A58-BE69-145926A774E9,2018-06-08,F
232,4DC3EBE9-9273-D5C6-4EFE-979A6A39FD36,89D21259-9932-A593-DB0F-D5B6827126A4,2016-12-10,A+
233,428A3368-2033-E471-3DBB-E5E39FA22164,86D7FB64-762E-54A4-79E9-725B53D67D8B,2018-08-27,D
234,FBA41AB5-BD23-5D83-8D6E-B64AED8C315E,E4675BDE-E3F4-92E7-E841-279B6E68DC3E,2017-03-05,C
235,DF643763-AD6D-DD37-14BA-3726E2C4A2B7,9A1E59F5-E11C-DDBA-7247-5912C8A786A5,2018-02-13,D+
236,428A3368-2033-E471-3DBB-E5E39FA22164,B634F3B8-85D3-B71C-7917-347328BEE052,2020-01-01,A
237,F99C396B-651A-6CC9-642A-86EC0D7D9471,B5ED7706-4799-EA99-9A2D-BCD243EC41CB,2020-07-14,A
238,DF643763-AD6D-DD37-14BA-3726E2C4A2B7,36A3C2CE-17E1-02A8-C7BB-DBD17746AD3A,2020-03-23,D-
239,A39E9D52-2146-BA6F-D955-4C60C68CF133,0768276D-EDDC-9D2D-2E73-36253B3A5CD8,2020-09-24,D+
240,251531CB-F77F-D1A2-5414-F7C14CC89CF8,2833FA62-825B-36D5-CA12-348336C9304C,2021-01-12,C
241,3AA1182C-ABD1-ABF6-36A9-5833DD3375A9,C2ABD702-11F3-AA4D-A60B-8173B4CACCE4,2019-09-17,F
242,AF0C7752-6A63-55E2-A4ED-9B9B922A3EA6,6CAE2E54-C4DB-E2BC-5873-C19A9572A442,2018-04-16,D+
243,DA430AD1-845C-437C-E99D-6C39F7A4413B,3B4348D1-5BC3-D9CA-F6B5-FC1890113689,2021-05-19,B
244,E1E8D645-7474-2073-13A6-148E846F8719,14B38BD6-A2D6-18AB-71A6-F9883743635D,2019-12-21,C+
245,ABAC3A56-4A9C-F8D1-91E4-46481B939228,3E7D2A87-C511-84E1-A761-C4F45F86B9C6,2018-08-27,C+
246,1B13349B-3DA1-37E1-0546-6E1CD9395F94,E8634804-8BB2-6724-B945-5C3B14A39522,2018-07-04,C-
247,A39E9D52-2146-BA6F-D955-4C60C68CF133,27787EBC-CAC9-09E5-68B8-8C9445B7EE0F,2017-10-20,A
248,1ECDE44C-FA80-B1B7-55B3-AC6BB57DC5B2,6CAE2E54-C4DB-E2BC-5873-C19A9572A442,2019-08-03,B+
249,3AA1182C-ABD1-ABF6-36A9-5833DD3375A9,43B039F5-7E5B-6CB2-14DD-D372DF76A4F6,2017-06-06,C
250,A2EB3077-9B68-97D4-9963-9B3462E9C35B,567499DB-39A3-14F3-9E7B-3DA5DBECAAC4,2017-08-15,F
251,A39E9D52-2146-BA6F-D955-4C60C68CF133,86CBEBD8-4691-034C-33ED-21A421442134,2020-08-26,D+
252,1B13349B-3DA1-37E1-0546-6E1CD9395F94,6607C7C7-5511-97EF-357E-146D98384DD3,2020-05-22,A
253,55E9D3E5-4AEB-CBE9-1E95-CCB28BE0BED0,E2C5106C-5831-E118-63C9-887C336CEC29,2017-02-02,A
254,83C5589D-44B7-587C-AF68-50F3BD12EF28,419EDDE1-687E-5DF3-528D-C328F8125327,2019-07-26,C-
255,C253E446-2877-1E28-815B-37104CCCEEF5,D076E296-9CB6-82C6-8A48-916362F7759E,2020-11-30,C
256,68C594E3-83A0-EACD-C681-576994EB041E,A81CB611-26BD-3C34-774D-E44122749DEB,2020-05-13,D
257,543ACB58-16F0-366B-A18A-E15B894AD9E9,34281572-2688-2956-6CCB-224FC40DB432,2017-03-16,F
258,233A3393-AF24-F522-DF5F-C0DAFE8B391B,8515B6DA-F7CA-E866-7DD3-95CA6DA54333,2017-10-08,C-
259,AF0C7752-6A63-55E2-A4ED-9B9B922A3EA6,E3E90425-8344-8B50-505E-ABAAA6512519,2019-11-21,D
260,F99C396B-651A-6CC9-642A-86EC0D7D9471,E26A379E-9DA5-D7F7-E188-91D76DDC82C5,2019-09-07,F
261,FBA41AB5-BD23-5D83-8D6E-B64AED8C315E,E26A379E-9DA5-D7F7-E188-91D76DDC82C5,2017-08-23,C
262,1ECDE44C-FA80-B1B7-55B3-AC6BB57DC5B2,8425430E-6B92-CC11-167C-69B9D31EEA43,2021-02-28,B
263,1ECDE44C-FA80-B1B7-55B3-AC6BB57DC5B2,151B8449-EB8B-864D-DB61-11E11D477CFD,2016-11-30,A
264,55E9D3E5-4AEB-CBE9-1E95-CCB28BE0BED0,1ACB9339-5635-37EB-F8AA-591BB2293545,2019-03-18,F
265,83C5589D-44B7-587C-AF68-50F3BD12EF28,BA606248-357B-7536-1797-3291DE32715A,2016-12-04,A+
266,99B28EF4-D47A-FD3D-0298-5D783BDC2C3F,A38D93AA-4C83-D8D3-1ED3-1EB74076BAC8,2017-02-07,D+
267,DF643763-AD6D-DD37-14BA-3726E2C4A2B7,419EDDE1-687E-5DF3-528D-C328F8125327,2019-01-14,C
268,1B13349B-3DA1-37E1-0546-6E1CD9395F94,8425430E-6B92-CC11-167C-69B9D31EEA43,2020-08-26,A-
269,ABAC3A56-4A9C-F8D1-91E4-46481B939228,8EE7BDD2-A3D3-E62B-DEB3-3431973B87FA,2017-01-06,D
270,91851D1A-1CB9-1F92-0D58-EA3EAAE4AE8E,32E3E2B8-51A0-DC37-79D0-7859D6A9E2CD,2019-10-28,C+
271,DF643763-AD6D-DD37-14BA-3726E2C4A2B7,43B039F5-7E5B-6CB2-14DD-D372DF76A4F6,2018-12-25,D+
272,C253E446-2877-1E28-815B-37104CCCEEF5,37C16A77-A8DE-CC5C-9D29-E45B16CC2E26,2021-02-19,C+
273,91851D1A-1CB9-1F92-0D58-EA3EAAE4AE8E,A6A1D23A-DF37-392A-9EB2-B6E68E436F08,2017-01-10,D-
274,860AC510-9AEE-6EEC-EA56-84646D575447,5893126D-4DAA-95CE-D6CD-2A2F1D72E63A,2018-10-24,B
275,91851D1A-1CB9-1F92-0D58-EA3EAAE4AE8E,6E179BE8-95E9-EE0E-D7F1-E67F734F5DE6,2017-10-22,B
276,83C5589D-44B7-587C-AF68-50F3BD12EF28,E71551A1-6FC3-9C8C-BB11-5A697F4972CA,2018-05-22,B+
277,99B28EF4-D47A-FD3D-0298-5D783BDC2C3F,BCE4EA22-C77B-C57D-C66D-9564D26037D8,2019-12-27,C
278,E1E8D645-7474-2073-13A6-148E846F8719,95CE27EC-C683-5778-72F9-718EE98EFDEB,2019-05-04,C-
279,AB538452-2535-AD05-F812-CAAEDB63DC4F,9711FC7E-CB0D-9C7D-E9A5-31E70919B98A,2020-01-09,A
280,251531CB-F77F-D1A2-5414-F7C14CC89CF8,4ECAEDB6-B2F6-C77C-2785-C3E107AD2B1D,2020-01-01,B-
281,418D4CDD-A4ED-5EF2-1134-CECF969C45E9,648A2DE2-9007-B9E0-314A-6311A693F159,2020-05-16,D+
282,07DD54FC-B7B3-1585-C120-F9E41BB353D8,32E3E2B8-51A0-DC37-79D0-7859D6A9E2CD,2020-02-28,A
283,83C5589D-44B7-587C-AF68-50F3BD12EF28,39463A65-E266-A981-E87D-23C7D4CD33F6,2016-11-17,C
284,83C5589D-44B7-587C-AF68-50F3BD12EF28,A7F9B5A6-CEC9-67B3-D0DB-34F773EEB98B,2017-09-07,C
285,676E235A-73A2-FD5D-2AAE-BE9D67988A5A,14732483-C8A5-D066-6B7A-D45BF153BB5C,2018-01-11,A
286,1B13349B-3DA1-37E1-0546-6E1CD9395F94,8AC65790-1636-37E8-A674-4E19A22096A2,2017-06-08,F
287,4D954573-D9C7-01E7-EAEC-8EAE910FB29E,405EC655-0424-21FB-7C69-3B79337C38EC,2018-07-18,B+
288,C253E446-2877-1E28-815B-37104CCCEEF5,A2BDB2AC-7B3B-77E9-00EA-7984D5F4D1AC,2017-04-17,B-
289,A2EB3077-9B68-97D4-9963-9B3462E9C35B,5127D3B3-9A06-184A-AE8B-322EA763524F,2018-01-05,B
290,E1E8D645-7474-2073-13A6-148E846F8719,79E5BDE7-6765-463E-42A3-8CF96A66A043,2017-05-17,B
291,418D4CDD-A4ED-5EF2-1134-CECF969C45E9,9A1E59F5-E11C-DDBA-7247-5912C8A786A5,2019-11-23,C-
292,C253E446-2877-1E28-815B-37104CCCEEF5,B2CD93A4-061A-EC1A-9A65-24AE4DB4D07A,2018-07-10,C
293,55E9D3E5-4AEB-CBE9-1E95-CCB28BE0BED0,93E1AD3D-E514-E529-4932-6D9CE5EA455C,2018-04-29,C-
294,DF643763-AD6D-DD37-14BA-3726E2C4A2B7,73EAF2F7-DB87-D234-1A24-99CDBEA85D0D,2017-02-06,C+
295,3AA1182C-ABD1-ABF6-36A9-5833DD3375A9,F93680D4-6488-4DC8-9BE4-6CAE34EC90CB,2019-03-31,F
296,418D4CDD-A4ED-5EF2-1134-CECF969C45E9,5C8069F9-38AF-7836-4A7B-725584E368BE,2019-09-12,C+
297,C253E446-2877-1E28-815B-37104CCCEEF5,69EC1EB5-9B44-5D28-956B-1D46FCAB60C9,2020-07-11,D+
298,07DD54FC-B7B3-1585-C120-F9E41BB353D8,648A2DE2-9007-B9E0-314A-6311A693F159,2021-09-26,C
299,DF643763-AD6D-DD37-14BA-3726E2C4A2B7,F6409391-E2BC-2B05-AE39-E51788465686,2021-04-10,A+
300,418D4CDD-A4ED-5EF2-1134-CECF969C45E9,7CDAE322-E683-2790-9969-182504E13DB2,2017-11-13,C
301,4D954573-D9C7-01E7-EAEC-8EAE910FB29E,E26A379E-9DA5-D7F7-E188-91D76DDC82C5,2020-09-20,B+
302,83C5589D-44B7-587C-AF68-50F3BD12EF28,CD2B16BE-D4DE-C9BF-151B-5DE605003843,2018-10-03,A
303,676E235A-73A2-FD5D-2AAE-BE9D67988A5A,E26A379E-9DA5-D7F7-E188-91D76DDC82C5,2017-12-19,D-
304,DF643763-AD6D-DD37-14BA-3726E2C4A2B7,554733BA-91CB-913C-5E6D-43E5C74B3540,2020-09-19,D+
305,99B28EF4-D47A-FD3D-0298-5D783BDC2C3F,BD5953A5-84AC-521E-CC14-EE81C1B181E7,2020-12-14,C+
306,676E235A-73A2-FD5D-2AAE-BE9D67988A5A,AE3A95FB-C7DA-6D93-6C52-A5BDBDBBDAC2,2020-09-11,D+
307,DF643763-AD6D-DD37-14BA-3726E2C4A2B7,3E7D2A87-C511-84E1-A761-C4F45F86B9C6,2018-10-04,B-
308,860AC510-9AEE-6EEC-EA56-84646D575447,176B2A21-85E1-F1E1-78DB-961DE4C248B6,2020-10-23,C-
309,428A3368-2033-E471-3DBB-E5E39FA22164,E93D5240-3A65-D499-6391-B9DD5D7AA264,2020-08-27,A+
310,A39E9D52-2146-BA6F-D955-4C60C68CF133,8063871B-B7CD-C6C0-A5AA-C04F8C584EBD,2018-07-14,D+
311,4DC3EBE9-9273-D5C6-4EFE-979A6A39FD36,E2A704BC-463E-CB60-AE52-6B6B8960655E,2017-09-28,A
312,E1E8D645-7474-2073-13A6-148E846F8719,7FD2C226-EBF8-DB59-F24F-6EB0559FD173,2021-04-23,A-
313,99B28EF4-D47A-FD3D-0298-5D783BDC2C3F,B5B4EB8C-364E-9562-96A2-8780D98A6207,2018-01-14,D
314,3AA1182C-ABD1-ABF6-36A9-5833DD3375A9,8EE7BDD2-A3D3-E62B-DEB3-3431973B87FA,2019-12-01,C
315,3AA1182C-ABD1-ABF6-36A9-5833DD3375A9,DE5B9FE2-6648-DDD8-7648-31A6ECBA19D9,2017-11-16,B+
316,68C594E3-83A0-EACD-C681-576994EB041E,B634F3B8-85D3-B71C-7917-347328BEE052,2018-03-23,F
317,A39E9D52-2146-BA6F-D955-4C60C68CF133,151B8449-EB8B-864D-DB61-11E11D477CFD,2018-09-07,C+
318,FBA41AB5-BD23-5D83-8D6E-B64AED8C315E,B2CD93A4-061A-EC1A-9A65-24AE4DB4D07A,2018-12-24,D
319,4D954573-D9C7-01E7-EAEC-8EAE910FB29E,B5B4EB8C-364E-9562-96A2-8780D98A6207,2017-03-29,C
320,C253E446-2877-1E28-815B-37104CCCEEF5,1D1106A0-97A5-04AD-7506-7192D5707D04,2017-10-19,A-
321,83C5589D-44B7-587C-AF68-50F3BD12EF28,987386A3-6664-39DD-E6A3-2B68395DEE02,2021-09-08,B+
322,99B28EF4-D47A-FD3D-0298-5D783BDC2C3F,F6409391-E2BC-2B05-AE39-E51788465686,2019-09-19,B-
323,E1E8D645-7474-2073-13A6-148E846F8719,14341DD4-C485-5E2B-62C8-CB0AE3051BB1,2018-01-05,F
324,1ECDE44C-FA80-B1B7-55B3-AC6BB57DC5B2,DC50889C-8D5E-A485-3C35-11842C3CC372,2019-06-09,B+
325,543ACB58-16F0-366B-A18A-E15B894AD9E9,0768276D-EDDC-9D2D-2E73-36253B3A5CD8,2021-10-28,D
326,E1E8D645-7474-2073-13A6-148E846F8719,62C62537-5FC9-ED75-BF74-A486B14A776C,2019-02-03,C+
327,A39E9D52-2146-BA6F-D955-4C60C68CF133,95034968-874A-353E-BEC0-D9207DAED219,2018-01-03,D-
328,DA430AD1-845C-437C-E99D-6C39F7A4413B,2BDAA9B6-9476-6483-1644-62A682B533B1,2018-03-04,B+
329,3AA1182C-ABD1-ABF6-36A9-5833DD3375A9,BC7CFDD9-87A2-3443-E17D-90A3FEA39F04,2017-01-29,D
330,4D954573-D9C7-01E7-EAEC-8EAE910FB29E,D7D44E1F-5114-D6A8-1C1A-399080BC2263,2020-09-07,B-
331,07DD54FC-B7B3-1585-C120-F9E41BB353D8,567499DB-39A3-14F3-9E7B-3DA5DBECAAC4,2018-02-07,B-
332,DA430AD1-845C-437C-E99D-6C39F7A4413B,54673C31-10D3-D39A-2DA8-9C1CC428B867,2020-12-25,D-
333,ABAC3A56-4A9C-F8D1-91E4-46481B939228,B634F3B8-85D3-B71C-7917-347328BEE052,2020-02-13,D
334,DF643763-AD6D-DD37-14BA-3726E2C4A2B7,5DDF2B86-240E-4C32-3646-71AC054131C9,2020-01-11,B+
335,E1E8D645-7474-2073-13A6-148E846F8719,71A67367-D999-424B-C8FB-4DCA2326300C,2017-05-19,A
336,ABAC3A56-4A9C-F8D1-91E4-46481B939228,E864EF83-6B12-40CB-9416-A49B14EAF36A,2017-03-17,F
337,251531CB-F77F-D1A2-5414-F7C14CC89CF8,A8760C64-2C36-093A-3CAB-9E3970B090B5,2019-10-17,F
338,543ACB58-16F0-366B-A18A-E15B894AD9E9,D27B21C1-2E68-CB6A-14FC-C76820A1624E,2020-05-11,A
339,DA430AD1-845C-437C-E99D-6C39F7A4413B,95CE27EC-C683-5778-72F9-718EE98EFDEB,2019-09-24,A
340,68C594E3-83A0-EACD-C681-576994EB041E,5893126D-4DAA-95CE-D6CD-2A2F1D72E63A,2018-12-26,B-
341,428A3368-2033-E471-3DBB-E5E39FA22164,CD2B16BE-D4DE-C9BF-151B-5DE605003843,2021-06-02,D
342,543ACB58-16F0-366B-A18A-E15B894AD9E9,405EC655-0424-21FB-7C69-3B79337C38EC,2017-09-16,B-
343,3AA1182C-ABD1-ABF6-36A9-5833DD3375A9,1E94F2A5-DD88-A4DA-AE16-1757B3A9CF57,2017-09-09,C-
344,55E9D3E5-4AEB-CBE9-1E95-CCB28BE0BED0,63ADC824-2480-2ADE-244C-8C3B42BC1969,2017-07-11,C
345,428A3368-2033-E471-3DBB-E5E39FA22164,BC958A2C-5384-8F5E-DD4E-BA3021B777BB,2021-05-12,C+
346,428A3368-2033-E471-3DBB-E5E39FA22164,4C67B837-CA49-532E-2BA1-D256C31E6B46,2021-09-03,B
347,AF0C7752-6A63-55E2-A4ED-9B9B922A3EA6,BCE4EA22-C77B-C57D-C66D-9564D26037D8,2020-06-17,D
348,68C594E3-83A0-EACD-C681-576994EB041E,A38D93AA-4C83-D8D3-1ED3-1EB74076BAC8,2016-11-28,D+
349,99B28EF4-D47A-FD3D-0298-5D783BDC2C3F,36A3C2CE-17E1-02A8-C7BB-DBD17746AD3A,2021-07-12,A+
350,83C5589D-44B7-587C-AF68-50F3BD12EF28,96E68D43-AC34-BD44-0DEA-B4A7FE369C23,2019-09-11,A
351,418D4CDD-A4ED-5EF2-1134-CECF969C45E9,E5B507E8-B537-8DBD-C952-5A5F96CC8F78,2018-12-17,C-
352,418D4CDD-A4ED-5EF2-1134-CECF969C45E9,71101DEE-EB75-5121-EB26-5A7EF441DE4C,2019-08-05,F
353,99B28EF4-D47A-FD3D-0298-5D783BDC2C3F,E5C66A3A-1D75-6F42-6175-E80CE7226456,2016-11-24,A-
354,55E9D3E5-4AEB-CBE9-1E95-CCB28BE0BED0,F843A625-D636-EC53-1002-97571AB1388C,2017-09-28,D
355,DF643763-AD6D-DD37-14BA-3726E2C4A2B7,1C65D026-6474-58DD-B09B-D429744E422E,2020-07-18,B
356,C253E446-2877-1E28-815B-37104CCCEEF5,5DDF2B86-240E-4C32-3646-71AC054131C9,2021-10-20,D
357,860AC510-9AEE-6EEC-EA56-84646D575447,89D21259-9932-A593-DB0F-D5B6827126A4,2019-03-15,B-
358,91851D1A-1CB9-1F92-0D58-EA3EAAE4AE8E,8425430E-6B92-CC11-167C-69B9D31EEA43,2017-05-16,B-
359,418D4CDD-A4ED-5EF2-1134-CECF969C45E9,DC50889C-8D5E-A485-3C35-11842C3CC372,2018-05-21,D
360,DA430AD1-845C-437C-E99D-6C39F7A4413B,E8634804-8BB2-6724-B945-5C3B14A39522,2019-10-23,A-
361,F99C396B-651A-6CC9-642A-86EC0D7D9471,14732483-C8A5-D066-6B7A-D45BF153BB5C,2018-01-20,D
362,543ACB58-16F0-366B-A18A-E15B894AD9E9,4ECAEDB6-B2F6-C77C-2785-C3E107AD2B1D,2021-03-07,A-
363,07DD54FC-B7B3-1585-C120-F9E41BB353D8,37760C63-4E56-B119-DA06-848AE4989F19,2019-06-13,C+
364,418D4CDD-A4ED-5EF2-1134-CECF969C45E9,4C67B837-CA49-532E-2BA1-D256C31E6B46,2021-06-18,A+
365,1B13349B-3DA1-37E1-0546-6E1CD9395F94,99934E62-34A9-42D7-9EBF-42E3FD93917D,2020-07-18,A
366,1ECDE44C-FA80-B1B7-55B3-AC6BB57DC5B2,4D63CD67-82A4-0502-7DE6-A7CF1786F1B4,2021-01-09,B+
367,55E9D3E5-4AEB-CBE9-1E95-CCB28BE0BED0,43E5448F-9A21-3D7E-1424-66879CB4A1CD,2019-05-10,A-
368,AF0C7752-6A63-55E2-A4ED-9B9B922A3EA6,594D3241-EA64-53BA-737C-A26ACA4DED65,2017-01-02,A-
369,DA430AD1-845C-437C-E99D-6C39F7A4413B,596871A5-9D24-8145-F126-D3EB45BA95B4,2017-09-05,B
370,FBA41AB5-BD23-5D83-8D6E-B64AED8C315E,36A3C2CE-17E1-02A8-C7BB-DBD17746AD3A,2019-02-10,D+
371,A2EB3077-9B68-97D4-9963-9B3462E9C35B,BC7CFDD9-87A2-3443-E17D-90A3FEA39F04,2016-11-14,B+
372,233A3393-AF24-F522-DF5F-C0DAFE8B391B,32E3E2B8-51A0-DC37-79D0-7859D6A9E2CD,2019-03-09,B-
373,418D4CDD-A4ED-5EF2-1134-CECF969C45E9,1C65D026-6474-58DD-B09B-D429744E422E,2017-01-10,B
374,676E235A-73A2-FD5D-2AAE-BE9D67988A5A,CB9670A1-5676-253E-DC8C-5B9CD714F9E7,2020-12-24,B+
375,AB538452-2535-AD05-F812-CAAEDB63DC4F,B5AC1F76-5DA6-017A-2A6C-2C685AAD32A4,2020-03-28,B+
376,A2EB3077-9B68-97D4-9963-9B3462E9C35B,7CDAE322-E683-2790-9969-182504E13DB2,2021-06-28,D+
377,C253E446-2877-1E28-815B-37104CCCEEF5,1821B6D0-A774-7BA2-722E-9BBBD3C2F616,2018-07-26,A+
378,ABAC3A56-4A9C-F8D1-91E4-46481B939228,82E865EB-4FC4-B675-35A6-181DC9D39B02,2018-05-20,A-
379,676E235A-73A2-FD5D-2AAE-BE9D67988A5A,DE9634A4-BBC3-E5D2-CE36-AB514E9490AB,2017-04-06,A
380,E1E8D645-7474-2073-13A6-148E846F8719,5DDF2B86-240E-4C32-3646-71AC054131C9,2019-11-07,B+
381,543ACB58-16F0-366B-A18A-E15B894AD9E9,433E335E-ABB3-10EC-AD2A-25F4AB6CC92B,2021-05-25,C-
382,251531CB-F77F-D1A2-5414-F7C14CC89CF8,0A2955BB-11B6-CCB2-D956-55BFCB67FA94,2019-02-20,D-
383,F99C396B-651A-6CC9-642A-86EC0D7D9471,82E865EB-4FC4-B675-35A6-181DC9D39B02,2020-05-07,D-
384,E1E8D645-7474-2073-13A6-148E846F8719,B4B5C026-4EF6-D225-C84B-D726FFA7327F,2020-02-06,D+
385,99B28EF4-D47A-FD3D-0298-5D783BDC2C3F,89D21259-9932-A593-DB0F-D5B6827126A4,2020-12-10,F
386,676E235A-73A2-FD5D-2AAE-BE9D67988A5A,B3D42A8B-D2F5-4DF2-6029-84BB71DEBDCD,2019-02-01,C-
387,4D954573-D9C7-01E7-EAEC-8EAE910FB29E,96E68D43-AC34-BD44-0DEA-B4A7FE369C23,2019-06-14,C-
388,418D4CDD-A4ED-5EF2-1134-CECF969C45E9,39463A65-E266-A981-E87D-23C7D4CD33F6,2016-11-08,A-
389,233A3393-AF24-F522-DF5F-C0DAFE8B391B,DC50889C-8D5E-A485-3C35-11842C3CC372,2017-11-09,B-
390,F99C396B-651A-6CC9-642A-86EC0D7D9471,6607C7C7-5511-97EF-357E-146D98384DD3,2020-03-03,B+
391,251531CB-F77F-D1A2-5414-F7C14CC89CF8,14341DD4-C485-5E2B-62C8-CB0AE3051BB1,2016-11-10,A-
392,68C594E3-83A0-EACD-C681-576994EB041E,0FA94B37-D1B3-6619-4AEE-7BF43D594361,2017-04-29,D-
393,07DD54FC-B7B3-1585-C120-F9E41BB353D8,E93D5240-3A65-D499-6391-B9DD5D7AA264,2021-07-30,D-
394,C253E446-2877-1E28-815B-37104CCCEEF5,43B039F5-7E5B-6CB2-14DD-D372DF76A4F6,2017-06-30,F
395,4D954573-D9C7-01E7-EAEC-8EAE910FB29E,433E335E-ABB3-10EC-AD2A-25F4AB6CC92B,2019-01-03,C-
396,860AC510-9AEE-6EEC-EA56-84646D575447,2AB61D44-FB24-63A2-75D8-D75881DC1EE9,2021-08-25,C+
397,DF643763-AD6D-DD37-14BA-3726E2C4A2B7,DE5B9FE2-6648-DDD8-7648-31A6ECBA19D9,2019-12-29,D+
398,F99C396B-651A-6CC9-642A-86EC0D7D9471,B8E21E34-04E5-7304-73EA-5B2958D88384,2021-05-25,C+
399,F99C396B-651A-6CC9-642A-86EC0D7D9471,8063871B-B7CD-C6C0-A5AA-C04F8C584EBD,2017-04-03,C-
400,F99C396B-651A-6CC9-642A-86EC0D7D9471,17BC2097-8B9C-FE2C-9DB3-A7936C8A7768,2017-03-09,C-
401,A39E9D52-2146-BA6F-D955-4C60C68CF133,1407716C-A72F-2ABB-AC66-E2319BE4DCEC,2019-06-13,A-
402,4DC3EBE9-9273-D5C6-4EFE-979A6A39FD36,C4219BE4-3719-BDB6-DA42-F192189ACD7A,2019-06-14,B-
403,91851D1A-1CB9-1F92-0D58-EA3EAAE4AE8E,41858618-9C5E-E132-D4E4-EE8B72DAB4C7,2020-03-31,D+
404,2C50CDC7-1AAC-2C83-5786-1B7643EBB47E,0A2955BB-11B6-CCB2-D956-55BFCB67FA94,2020-06-21,C
405,C253E446-2877-1E28-815B-37104CCCEEF5,151B8449-EB8B-864D-DB61-11E11D477CFD,2017-03-05,F
406,E1E8D645-7474-2073-13A6-148E846F8719,B5ED7706-4799-EA99-9A2D-BCD243EC41CB,2017-07-29,D+
407,91851D1A-1CB9-1F92-0D58-EA3EAAE4AE8E,A8760C64-2C36-093A-3CAB-9E3970B090B5,2020-05-19,B-
408,55E9D3E5-4AEB-CBE9-1E95-CCB28BE0BED0,69EC1EB5-9B44-5D28-956B-1D46FCAB60C9,2020-05-06,A-
409,DA430AD1-845C-437C-E99D-6C39F7A4413B,E71551A1-6FC3-9C8C-BB11-5A697F4972CA,2020-05-27,B-
410,FBA41AB5-BD23-5D83-8D6E-B64AED8C315E,AA8011F4-C92E-D233-0896-DA46029196D3,2021-10-04,B+
411,A39E9D52-2146-BA6F-D955-4C60C68CF133,554733BA-91CB-913C-5E6D-43E5C74B3540,2018-11-16,A-
412,1B13349B-3DA1-37E1-0546-6E1CD9395F94,6E6D565E-6D74-BBD3-6653-6973D11D48E5,2019-01-11,B
413,4DC3EBE9-9273-D5C6-4EFE-979A6A39FD36,013F16BE-3E6C-88B1-24E8-71DAA51E24FD,2017-06-20,D+
414,3AA1182C-ABD1-ABF6-36A9-5833DD3375A9,DE9634A4-BBC3-E5D2-CE36-AB514E9490AB,2017-04-03,A-
415,233A3393-AF24-F522-DF5F-C0DAFE8B391B,FC1C75E5-BAA7-E99A-E4CC-E2AF09372EA0,2017-03-23,D
416,AB538452-2535-AD05-F812-CAAEDB63DC4F,C27B8680-56CD-37CA-97B2-B2A94C97DD17,2021-05-23,A+
417,E1E8D645-7474-2073-13A6-148E846F8719,D89322F9-0995-2330-43C0-857E828A966A,2017-08-13,B
418,233A3393-AF24-F522-DF5F-C0DAFE8B391B,9711FC7E-CB0D-9C7D-E9A5-31E70919B98A,2018-09-25,D+
419,418D4CDD-A4ED-5EF2-1134-CECF969C45E9,A6A1D23A-DF37-392A-9EB2-B6E68E436F08,2018-09-30,B+
420,F99C396B-651A-6CC9-642A-86EC0D7D9471,1A1E2493-BF55-37EE-8B74-D641D43AD416,2021-07-24,B
421,AF0C7752-6A63-55E2-A4ED-9B9B922A3EA6,B5ED7706-4799-EA99-9A2D-BCD243EC41CB,2017-05-05,D-
422,233A3393-AF24-F522-DF5F-C0DAFE8B391B,A3935073-FCBA-8297-5E79-25ECC3BC7FBA,2018-01-25,C
423,418D4CDD-A4ED-5EF2-1134-CECF969C45E9,725BBC88-7803-260B-9B78-33DBBB9B05E2,2020-08-20,C+
424,860AC510-9AEE-6EEC-EA56-84646D575447,405EC655-0424-21FB-7C69-3B79337C38EC,2018-08-22,B
425,1ECDE44C-FA80-B1B7-55B3-AC6BB57DC5B2,1E94F2A5-DD88-A4DA-AE16-1757B3A9CF57,2017-07-09,B+
426,DF643763-AD6D-DD37-14BA-3726E2C4A2B7,43E5448F-9A21-3D7E-1424-66879CB4A1CD,2017-12-07,D
427,AF0C7752-6A63-55E2-A4ED-9B9B922A3EA6,A8760C64-2C36-093A-3CAB-9E3970B090B5,2021-10-21,D+
428,A39E9D52-2146-BA6F-D955-4C60C68CF133,10683989-E14B-2ED1-EAB6-EE71B7799718,2018-05-05,C
429,ABAC3A56-4A9C-F8D1-91E4-46481B939228,4D63CD67-82A4-0502-7DE6-A7CF1786F1B4,2019-05-19,A-
430,E1E8D645-7474-2073-13A6-148E846F8719,567499DB-39A3-14F3-9E7B-3DA5DBECAAC4,2017-03-15,D+
431,1ECDE44C-FA80-B1B7-55B3-AC6BB57DC5B2,BD5953A5-84AC-521E-CC14-EE81C1B181E7,2019-12-12,D-
432,418D4CDD-A4ED-5EF2-1134-CECF969C45E9,37760C63-4E56-B119-DA06-848AE4989F19,2018-05-02,C
433,A2EB3077-9B68-97D4-9963-9B3462E9C35B,BBA3782E-2240-D7A2-D26D-AAE9E7843A7C,2017-04-17,A
434,1B13349B-3DA1-37E1-0546-6E1CD9395F94,1A1E2493-BF55-37EE-8B74-D641D43AD416,2018-07-08,B
435,1ECDE44C-FA80-B1B7-55B3-AC6BB57DC5B2,E26A379E-9DA5-D7F7-E188-91D76DDC82C5,2020-01-20,B
436,ABAC3A56-4A9C-F8D1-91E4-46481B939228,54673C31-10D3-D39A-2DA8-9C1CC428B867,2017-12-07,D-
437,AB538452-2535-AD05-F812-CAAEDB63DC4F,5C8069F9-38AF-7836-4A7B-725584E368BE,2018-01-02,B-
438,418D4CDD-A4ED-5EF2-1134-CECF969C45E9,34281572-2688-2956-6CCB-224FC40DB432,2019-10-18,D+
439,676E235A-73A2-FD5D-2AAE-BE9D67988A5A,D7D44E1F-5114-D6A8-1C1A-399080BC2263,2020-02-07,B-
440,428A3368-2033-E471-3DBB-E5E39FA22164,6E358534-1A48-1452-AF14-A6D93F11135B,2016-12-04,B
441,68C594E3-83A0-EACD-C681-576994EB041E,0537C921-ED1D-D912-3BA0-C4030BAFB338,2016-11-18,A-
442,ABAC3A56-4A9C-F8D1-91E4-46481B939228,B3D42A8B-D2F5-4DF2-6029-84BB71DEBDCD,2020-02-15,A+
443,676E235A-73A2-FD5D-2AAE-BE9D67988A5A,6607C7C7-5511-97EF-357E-146D98384DD3,2018-03-03,B-
444,1B13349B-3DA1-37E1-0546-6E1CD9395F94,10C73A35-EBE4-D2E7-946E-E41DEF3E7AD1,2020-02-27,D+
445,AB538452-2535-AD05-F812-CAAEDB63DC4F,D703D348-9287-6BEA-F3C7-097700D43BA5,2018-02-01,B+
446,543ACB58-16F0-366B-A18A-E15B894AD9E9,62ABE945-616D-41EB-C32E-C111C832DDBA,2018-12-09,D-
447,543ACB58-16F0-366B-A18A-E15B894AD9E9,9347E864-17B8-509E-EE28-9137723D1D03,2019-08-21,B
448,676E235A-73A2-FD5D-2AAE-BE9D67988A5A,A64A96C8-EE5C-B64B-AFF4-72F86244C5E7,2018-05-06,F
449,AB538452-2535-AD05-F812-CAAEDB63DC4F,BA606248-357B-7536-1797-3291DE32715A,2018-11-17,B-
450,860AC510-9AEE-6EEC-EA56-84646D575447,B5ED7706-4799-EA99-9A2D-BCD243EC41CB,2020-03-17,B+
451,DA430AD1-845C-437C-E99D-6C39F7A4413B,BBA3782E-2240-D7A2-D26D-AAE9E7843A7C,2021-02-03,B-
452,FBA41AB5-BD23-5D83-8D6E-B64AED8C315E,B5B4EB8C-364E-9562-96A2-8780D98A6207,2019-01-24,C+
453,FBA41AB5-BD23-5D83-8D6E-B64AED8C315E,A7F9B5A6-CEC9-67B3-D0DB-34F773EEB98B,2018-08-28,F
454,91851D1A-1CB9-1F92-0D58-EA3EAAE4AE8E,63ADC824-2480-2ADE-244C-8C3B42BC1969,2017-10-23,B
455,2C50CDC7-1AAC-2C83-5786-1B7643EBB47E,37760C63-4E56-B119-DA06-848AE4989F19,2020-02-17,F
456,ABAC3A56-4A9C-F8D1-91E4-46481B939228,D076E296-9CB6-82C6-8A48-916362F7759E,2020-12-07,A+
457,418D4CDD-A4ED-5EF2-1134-CECF969C45E9,62ABE945-616D-41EB-C32E-C111C832DDBA,2020-02-17,A-
458,C253E446-2877-1E28-815B-37104CCCEEF5,2833FA62-825B-36D5-CA12-348336C9304C,2017-09-04,D-
459,83C5589D-44B7-587C-AF68-50F3BD12EF28,2222EE78-298C-39EC-C42B-09DAE73F5974,2017-09-28,D-
460,DA430AD1-845C-437C-E99D-6C39F7A4413B,5DDF2B86-240E-4C32-3646-71AC054131C9,2020-06-15,A
461,91851D1A-1CB9-1F92-0D58-EA3EAAE4AE8E,151B8449-EB8B-864D-DB61-11E11D477CFD,2017-12-08,A-
462,4D954573-D9C7-01E7-EAEC-8EAE910FB29E,53121C3E-FCB8-CB44-7381-BE13D95D5B58,2019-02-20,A-
463,FBA41AB5-BD23-5D83-8D6E-B64AED8C315E,52962BBD-8B09-747F-299B-E5EB45185315,2019-02-04,C
464,1ECDE44C-FA80-B1B7-55B3-AC6BB57DC5B2,8425430E-6B92-CC11-167C-69B9D31EEA43,2020-11-21,C-
465,E1E8D645-7474-2073-13A6-148E846F8719,594D3241-EA64-53BA-737C-A26ACA4DED65,2019-03-02,B
466,A2EB3077-9B68-97D4-9963-9B3462E9C35B,10683989-E14B-2ED1-EAB6-EE71B7799718,2021-05-04,B+
467,428A3368-2033-E471-3DBB-E5E39FA22164,71101DEE-EB75-5121-EB26-5A7EF441DE4C,2021-05-08,C-
468,AB538452-2535-AD05-F812-CAAEDB63DC4F,F476AE58-B31B-F23B-D496-44B2720ECD95,2018-12-15,C+
469,F99C396B-651A-6CC9-642A-86EC0D7D9471,C2ABD702-11F3-AA4D-A60B-8173B4CACCE4,2019-07-06,A
470,C253E446-2877-1E28-815B-37104CCCEEF5,27787EBC-CAC9-09E5-68B8-8C9445B7EE0F,2019-10-09,B+
471,DF643763-AD6D-DD37-14BA-3726E2C4A2B7,55A02FB6-4337-F148-4251-D61988772CA5,2017-11-01,B
472,91851D1A-1CB9-1F92-0D58-EA3EAAE4AE8E,FC1C75E5-BAA7-E99A-E4CC-E2AF09372EA0,2017-07-24,A+
473,A2EB3077-9B68-97D4-9963-9B3462E9C35B,E4675BDE-E3F4-92E7-E841-279B6E68DC3E,2017-05-29,B-
474,4DC3EBE9-9273-D5C6-4EFE-979A6A39FD36,82E865EB-4FC4-B675-35A6-181DC9D39B02,2020-08-08,D
475,DA430AD1-845C-437C-E99D-6C39F7A4413B,57B3588A-6C3C-4989-7174-3F43C90430DB,2019-12-30,A-
476,4DC3EBE9-9273-D5C6-4EFE-979A6A39FD36,6490D38E-977E-070C-0C39-38784FD4D10D,2021-01-15,D-
477,428A3368-2033-E471-3DBB-E5E39FA22164,C87E1F7B-242B-5941-E8D6-C4AC7B97162C,2018-02-09,B+
478,676E235A-73A2-FD5D-2AAE-BE9D67988A5A,41858618-9C5E-E132-D4E4-EE8B72DAB4C7,2018-04-17,B-
479,07DD54FC-B7B3-1585-C120-F9E41BB353D8,A2BDB2AC-7B3B-77E9-00EA-7984D5F4D1AC,2020-07-06,C-
480,676E235A-73A2-FD5D-2AAE-BE9D67988A5A,A2BDB2AC-7B3B-77E9-00EA-7984D5F4D1AC,2018-02-20,B+
481,DF643763-AD6D-DD37-14BA-3726E2C4A2B7,7CDAE322-E683-2790-9969-182504E13DB2,2017-09-10,A
482,AF0C7752-6A63-55E2-A4ED-9B9B922A3EA6,37760C63-4E56-B119-DA06-848AE4989F19,2017-06-11,C+
483,AF0C7752-6A63-55E2-A4ED-9B9B922A3EA6,62ABE945-616D-41EB-C32E-C111C832DDBA,2019-09-19,B-
484,83C5589D-44B7-587C-AF68-50F3BD12EF28,1ACB9339-5635-37EB-F8AA-591BB2293545,2018-05-10,D
485,4D954573-D9C7-01E7-EAEC-8EAE910FB29E,D703D348-9287-6BEA-F3C7-097700D43BA5,2017-04-13,F
486,860AC510-9AEE-6EEC-EA56-84646D575447,73EAF2F7-DB87-D234-1A24-99CDBEA85D0D,2019-06-18,A+
487,68C594E3-83A0-EACD-C681-576994EB041E,E71551A1-6FC3-9C8C-BB11-5A697F4972CA,2017-09-22,A
488,FBA41AB5-BD23-5D83-8D6E-B64AED8C315E,39463A65-E266-A981-E87D-23C7D4CD33F6,2021-09-11,C
489,DF643763-AD6D-DD37-14BA-3726E2C4A2B7,10C73A35-EBE4-D2E7-946E-E41DEF3E7AD1,2018-07-21,C
490,1B13349B-3DA1-37E1-0546-6E1CD9395F94,6CAE2E54-C4DB-E2BC-5873-C19A9572A442,2021-08-20,C
491,C253E446-2877-1E28-815B-37104CCCEEF5,0768276D-EDDC-9D2D-2E73-36253B3A5CD8,2017-01-19,F
492,99B28EF4-D47A-FD3D-0298-5D783BDC2C3F,69EC1EB5-9B44-5D28-956B-1D46FCAB60C9,2018-05-26,B-
493,251531CB-F77F-D1A2-5414-F7C14CC89CF8,2222EE78-298C-39EC-C42B-09DAE73F5974,2019-08-23,C+
494,AB538452-2535-AD05-F812-CAAEDB63DC4F,A81CB611-26BD-3C34-774D-E44122749DEB,2021-06-11,C-
495,FBA41AB5-BD23-5D83-8D6E-B64AED8C315E,8515B6DA-F7CA-E866-7DD3-95CA6DA54333,2018-02-22,B+
496,55E9D3E5-4AEB-CBE9-1E95-CCB28BE0BED0,F93680D4-6488-4DC8-9BE4-6CAE34EC90CB,2019-01-30,B-
497,4D954573-D9C7-01E7-EAEC-8EAE910FB29E,C4219BE4-3719-BDB6-DA42-F192189ACD7A,2021-01-19,C
498,2C50CDC7-1AAC-2C83-5786-1B7643EBB47E,6E6D565E-6D74-BBD3-6653-6973D11D48E5,2020-02-15,A
499,676E235A-73A2-FD5D-2AAE-BE9D67988A5A,1D1106A0-97A5-04AD-7506-7192D5707D04,2018-10-05,D
500,C253E446-2877-1E28-815B-37104CCCEEF5,B5AC1F76-5DA6-017A-2A6C-2C685AAD32A4,2018-08-22,F
501,55E9D3E5-4AEB-CBE9-1E95-CCB28BE0BED0,96E68D43-AC34-BD44-0DEA-B4A7FE369C23,2020-03-21,D+
502,DA430AD1-845C-437C-E99D-6C39F7A4413B,79E5BDE7-6765-463E-42A3-8CF96A66A043,2019-01-10,D-
503,428A3368-2033-E471-3DBB-E5E39FA22164,15BE76DD-54AF-6BDD-5878-DE33DE23D977,2018-02-02,A+
504,428A3368-2033-E471-3DBB-E5E39FA22164,CA716A49-5494-6BBD-22C9-B49EECF5764D,2021-07-30,F
505,3AA1182C-ABD1-ABF6-36A9-5833DD3375A9,4D63CD67-82A4-0502-7DE6-A7CF1786F1B4,2020-10-21,A-
506,676E235A-73A2-FD5D-2AAE-BE9D67988A5A,95CE27EC-C683-5778-72F9-718EE98EFDEB,2018-09-08,D
507,4D954573-D9C7-01E7-EAEC-8EAE910FB29E,648A2DE2-9007-B9E0-314A-6311A693F159,2021-07-28,D
508,A39E9D52-2146-BA6F-D955-4C60C68CF133,725BBC88-7803-260B-9B78-33DBBB9B05E2,2020-06-11,B+
509,DF643763-AD6D-DD37-14BA-3726E2C4A2B7,E3E90425-8344-8B50-505E-ABAAA6512519,2017-09-26,D+
510,543ACB58-16F0-366B-A18A-E15B894AD9E9,54A49B76-96CB-93AA-2475-B6406C52D499,2017-11-07,A+
511,428A3368-2033-E471-3DBB-E5E39FA22164,A6A1D23A-DF37-392A-9EB2-B6E68E436F08,2020-09-09,A-
512,1B13349B-3DA1-37E1-0546-6E1CD9395F94,34281572-2688-2956-6CCB-224FC40DB432,2020-05-16,B+
513,91851D1A-1CB9-1F92-0D58-EA3EAAE4AE8E,8425430E-6B92-CC11-167C-69B9D31EEA43,2019-04-29,C+
514,1ECDE44C-FA80-B1B7-55B3-AC6BB57DC5B2,89D21259-9932-A593-DB0F-D5B6827126A4,2017-03-23,C
515,233A3393-AF24-F522-DF5F-C0DAFE8B391B,3EF8EC1C-AB16-C6AF-8FBB-341067AF272D,2020-03-16,B+
516,543ACB58-16F0-366B-A18A-E15B894AD9E9,152424AC-4766-89A6-2CEA-82EA99E05256,2021-04-25,C-
517,1ECDE44C-FA80-B1B7-55B3-AC6BB57DC5B2,82E865EB-4FC4-B675-35A6-181DC9D39B02,2020-06-24,C-
518,1ECDE44C-FA80-B1B7-55B3-AC6BB57DC5B2,648A2DE2-9007-B9E0-314A-6311A693F159,2017-02-21,D+
519,418D4CDD-A4ED-5EF2-1134-CECF969C45E9,14732483-C8A5-D066-6B7A-D45BF153BB5C,2018-06-22,D
520,07DD54FC-B7B3-1585-C120-F9E41BB353D8,E864EF83-6B12-40CB-9416-A49B14EAF36A,2018-06-27,A-
521,91851D1A-1CB9-1F92-0D58-EA3EAAE4AE8E,6E6D565E-6D74-BBD3-6653-6973D11D48E5,2020-05-23,D
522,676E235A-73A2-FD5D-2AAE-BE9D67988A5A,F476AE58-B31B-F23B-D496-44B2720ECD95,2017-04-01,F
523,C253E446-2877-1E28-815B-37104CCCEEF5,62C62537-5FC9-ED75-BF74-A486B14A776C,2019-11-12,A-
524,68C594E3-83A0-EACD-C681-576994EB041E,B2B91744-BA44-8A58-BE69-145926A774E9,2018-12-08,A+
525,1B13349B-3DA1-37E1-0546-6E1CD9395F94,37C16A77-A8DE-CC5C-9D29-E45B16CC2E26,2018-04-08,C
526,55E9D3E5-4AEB-CBE9-1E95-CCB28BE0BED0,CEAB285B-59CD-0E89-5AE9-34F31E5BAD20,2021-03-06,B-
527,DF643763-AD6D-DD37-14BA-3726E2C4A2B7,BA606248-357B-7536-1797-3291DE32715A,2020-11-05,C
528,AF0C7752-6A63-55E2-A4ED-9B9B922A3EA6,648A2DE2-9007-B9E0-314A-6311A693F159,2018-08-23,D+
529,C253E446-2877-1E28-815B-37104CCCEEF5,433E335E-ABB3-10EC-AD2A-25F4AB6CC92B,2017-01-06,A-
530,AB538452-2535-AD05-F812-CAAEDB63DC4F,4C67B837-CA49-532E-2BA1-D256C31E6B46,2020-08-27,C+
531,860AC510-9AEE-6EEC-EA56-84646D575447,2833FA62-825B-36D5-CA12-348336C9304C,2020-07-28,A-
532,3AA1182C-ABD1-ABF6-36A9-5833DD3375A9,9B1B7101-C5C8-1EE3-88B8-DA09A8436B25,2019-06-05,A-
533,4D954573-D9C7-01E7-EAEC-8EAE910FB29E,A64A96C8-EE5C-B64B-AFF4-72F86244C5E7,2020-09-14,A
534,251531CB-F77F-D1A2-5414-F7C14CC89CF8,E3E90425-8344-8B50-505E-ABAAA6512519,2019-05-11,A+
535,1B13349B-3DA1-37E1-0546-6E1CD9395F94,C27B8680-56CD-37CA-97B2-B2A94C97DD17,2019-08-30,B
536,DF643763-AD6D-DD37-14BA-3726E2C4A2B7,6E358534-1A48-1452-AF14-A6D93F11135B,2019-06-14,A+
537,91851D1A-1CB9-1F92-0D58-EA3EAAE4AE8E,1407716C-A72F-2ABB-AC66-E2319BE4DCEC,2019-08-01,B+
538,68C594E3-83A0-EACD-C681-576994EB041E,9347E864-17B8-509E-EE28-9137723D1D03,2019-07-19,B
539,A39E9D52-2146-BA6F-D955-4C60C68CF133,0FA94B37-D1B3-6619-4AEE-7BF43D594361,2016-12-11,A
540,543ACB58-16F0-366B-A18A-E15B894AD9E9,53121C3E-FCB8-CB44-7381-BE13D95D5B58,2020-09-16,A
541,4D954573-D9C7-01E7-EAEC-8EAE910FB29E,73B44813-9350-BC3C-2CD7-8B4EAD8AEEE9,2017-09-16,C
542,C253E446-2877-1E28-815B-37104CCCEEF5,1407716C-A72F-2ABB-AC66-E2319BE4DCEC,2018-10-24,D+
543,418D4CDD-A4ED-5EF2-1134-CECF969C45E9,B8E21E34-04E5-7304-73EA-5B2958D88384,2018-06-13,C-
544,DA430AD1-845C-437C-E99D-6C39F7A4413B,15BE76DD-54AF-6BDD-5878-DE33DE23D977,2018-04-03,B-
545,4D954573-D9C7-01E7-EAEC-8EAE910FB29E,1ACB9339-5635-37EB-F8AA-591BB2293545,2021-04-13,F
546,251531CB-F77F-D1A2-5414-F7C14CC89CF8,9A24CF84-96EA-3F9C-87F6-39B68DC8D1BE,2021-01-30,C+
547,4D954573-D9C7-01E7-EAEC-8EAE910FB29E,B9356B62-191C-7542-4A7D-A023A1BD675C,2018-07-08,A-
548,1B13349B-3DA1-37E1-0546-6E1CD9395F94,D076E296-9CB6-82C6-8A48-916362F7759E,2020-09-29,C-
549,251531CB-F77F-D1A2-5414-F7C14CC89CF8,0537C921-ED1D-D912-3BA0-C4030BAFB338,2019-02-07,C
550,A2EB3077-9B68-97D4-9963-9B3462E9C35B,5DDF2B86-240E-4C32-3646-71AC054131C9,2017-06-29,A-
551,DF643763-AD6D-DD37-14BA-3726E2C4A2B7,7FD2C226-EBF8-DB59-F24F-6EB0559FD173,2020-09-10,B-
552,860AC510-9AEE-6EEC-EA56-84646D575447,34E5C978-017C-2314-65B4-218E890E1814,2020-12-05,F
553,55E9D3E5-4AEB-CBE9-1E95-CCB28BE0BED0,95CE27EC-C683-5778-72F9-718EE98EFDEB,2017-11-13,F
554,676E235A-73A2-FD5D-2AAE-BE9D67988A5A,39463A65-E266-A981-E87D-23C7D4CD33F6,2018-08-15,D
555,4DC3EBE9-9273-D5C6-4EFE-979A6A39FD36,9347E864-17B8-509E-EE28-9137723D1D03,2020-11-21,C+
556,860AC510-9AEE-6EEC-EA56-84646D575447,2AB61D44-FB24-63A2-75D8-D75881DC1EE9,2019-06-24,C
557,07DD54FC-B7B3-1585-C120-F9E41BB353D8,E26A379E-9DA5-D7F7-E188-91D76DDC82C5,2018-10-17,C-
558,ABAC3A56-4A9C-F8D1-91E4-46481B939228,E5B507E8-B537-8DBD-C952-5A5F96CC8F78,2020-07-01,A-
559,1B13349B-3DA1-37E1-0546-6E1CD9395F94,E5C66A3A-1D75-6F42-6175-E80CE7226456,2019-07-04,A
560,3AA1182C-ABD1-ABF6-36A9-5833DD3375A9,17BC2097-8B9C-FE2C-9DB3-A7936C8A7768,2017-06-01,D-
561,418D4CDD-A4ED-5EF2-1134-CECF969C45E9,1D8C3B5A-B1D6-2645-65A3-81E7732398AD,2019-11-29,B-
562,83C5589D-44B7-587C-AF68-50F3BD12EF28,6607C7C7-5511-97EF-357E-146D98384DD3,2017-02-02,D-
563,1ECDE44C-FA80-B1B7-55B3-AC6BB57DC5B2,596871A5-9D24-8145-F126-D3EB45BA95B4,2021-04-10,B
564,C253E446-2877-1E28-815B-37104CCCEEF5,E3E90425-8344-8B50-505E-ABAAA6512519,2018-11-02,F
565,4D954573-D9C7-01E7-EAEC-8EAE910FB29E,1325E6D1-E308-1B88-06E7-986DE8710194,2017-12-09,A+
566,676E235A-73A2-FD5D-2AAE-BE9D67988A5A,52962BBD-8B09-747F-299B-E5EB45185315,2016-12-17,A+
567,676E235A-73A2-FD5D-2AAE-BE9D67988A5A,82E865EB-4FC4-B675-35A6-181DC9D39B02,2017-11-01,C+
568,418D4CDD-A4ED-5EF2-1134-CECF969C45E9,A81CB611-26BD-3C34-774D-E44122749DEB,2020-10-24,F
569,2C50CDC7-1AAC-2C83-5786-1B7643EBB47E,B8E21E34-04E5-7304-73EA-5B2958D88384,2021-03-15,D-
570,860AC510-9AEE-6EEC-EA56-84646D575447,24C5A63D-89E1-DFE8-37FA-A1988B28DCD5,2021-07-25,C+
571,A39E9D52-2146-BA6F-D955-4C60C68CF133,B2CD93A4-061A-EC1A-9A65-24AE4DB4D07A,2020-03-28,F
572,55E9D3E5-4AEB-CBE9-1E95-CCB28BE0BED0,9B1B7101-C5C8-1EE3-88B8-DA09A8436B25,2021-04-07,B
573,860AC510-9AEE-6EEC-EA56-84646D575447,4ECAEDB6-B2F6-C77C-2785-C3E107AD2B1D,2019-05-23,C
574,A2EB3077-9B68-97D4-9963-9B3462E9C35B,B313617D-421D-E846-57AE-5A4D64A12D38,2018-07-13,C-
575,F99C396B-651A-6CC9-642A-86EC0D7D9471,5DA81C44-9B7E-3457-74EE-BC9ED4D97B3D,2017-03-03,B+
576,68C594E3-83A0-EACD-C681-576994EB041E,E8634804-8BB2-6724-B945-5C3B14A39522,2019-10-25,B
577,4DC3EBE9-9273-D5C6-4EFE-979A6A39FD36,B2B91744-BA44-8A58-BE69-145926A774E9,2021-05-02,A-
578,AF0C7752-6A63-55E2-A4ED-9B9B922A3EA6,A7F9B5A6-CEC9-67B3-D0DB-34F773EEB98B,2017-06-11,B+
579,07DD54FC-B7B3-1585-C120-F9E41BB353D8,6CAE2E54-C4DB-E2BC-5873-C19A9572A442,2020-11-28,B+
580,1ECDE44C-FA80-B1B7-55B3-AC6BB57DC5B2,CEAB285B-59CD-0E89-5AE9-34F31E5BAD20,2021-08-16,D
581,AF0C7752-6A63-55E2-A4ED-9B9B922A3EA6,2222EE78-298C-39EC-C42B-09DAE73F5974,2018-10-22,D+
582,251531CB-F77F-D1A2-5414-F7C14CC89CF8,12FC492B-89C6-E589-28B5-86D54C28A103,2017-08-22,F
583,676E235A-73A2-FD5D-2AAE-BE9D67988A5A,C87E1F7B-242B-5941-E8D6-C4AC7B97162C,2020-09-01,D
584,AF0C7752-6A63-55E2-A4ED-9B9B922A3EA6,DE5B9FE2-6648-DDD8-7648-31A6ECBA19D9,2021-03-09,B+
585,233A3393-AF24-F522-DF5F-C0DAFE8B391B,5DDF2B86-240E-4C32-3646-71AC054131C9,2017-11-06,C+
586,A2EB3077-9B68-97D4-9963-9B3462E9C35B,B313617D-421D-E846-57AE-5A4D64A12D38,2020-02-29,D-
587,AF0C7752-6A63-55E2-A4ED-9B9B922A3EA6,596871A5-9D24-8145-F126-D3EB45BA95B4,2019-11-28,B-
588,91851D1A-1CB9-1F92-0D58-EA3EAAE4AE8E,3F0AE123-4A1D-1CF2-B862-045E68FC9C4F,2016-12-26,C
589,55E9D3E5-4AEB-CBE9-1E95-CCB28BE0BED0,1ACB9339-5635-37EB-F8AA-591BB2293545,2019-06-19,B
590,AF0C7752-6A63-55E2-A4ED-9B9B922A3EA6,3F0AE123-4A1D-1CF2-B862-045E68FC9C4F,2020-07-03,B-
591,DF643763-AD6D-DD37-14BA-3726E2C4A2B7,82E865EB-4FC4-B675-35A6-181DC9D39B02,2017-11-13,C
592,C253E446-2877-1E28-815B-37104CCCEEF5,176B2A21-85E1-F1E1-78DB-961DE4C248B6,2017-08-26,A
593,FBA41AB5-BD23-5D83-8D6E-B64AED8C315E,73A7E912-378E-4CF5-2EAE-186D0A991213,2021-06-08,A
594,AF0C7752-6A63-55E2-A4ED-9B9B922A3EA6,34E5C978-017C-2314-65B4-218E890E1814,2020-11-13,B-
595,55E9D3E5-4AEB-CBE9-1E95-CCB28BE0BED0,FC1C75E5-BAA7-E99A-E4CC-E2AF09372EA0,2020-12-28,F
596,91851D1A-1CB9-1F92-0D58-EA3EAAE4AE8E,10C73A35-EBE4-D2E7-946E-E41DEF3E7AD1,2020-03-13,D
597,68C594E3-83A0-EACD-C681-576994EB041E,29C79886-AF6D-A9E2-D54F-84633DBB998A,2019-09-09,D-
598,F99C396B-651A-6CC9-642A-86EC0D7D9471,5893126D-4DAA-95CE-D6CD-2A2F1D72E63A,2018-06-27,F
599,68C594E3-83A0-EACD-C681-576994EB041E,79E5BDE7-6765-463E-42A3-8CF96A66A043,2019-09-13,A
600,1ECDE44C-FA80-B1B7-55B3-AC6BB57DC5B2,1821B6D0-A774-7BA2-722E-9BBBD3C2F616,2019-11-27,F
601,676E235A-73A2-FD5D-2AAE-BE9D67988A5A,27787EBC-CAC9-09E5-68B8-8C9445B7EE0F,2020-02-06,F
602,DF643763-AD6D-DD37-14BA-3726E2C4A2B7,8AC65790-1636-37E8-A674-4E19A22096A2,2018-12-14,B
603,DF643763-AD6D-DD37-14BA-3726E2C4A2B7,52962BBD-8B09-747F-299B-E5EB45185315,2020-08-18,B
604,83C5589D-44B7-587C-AF68-50F3BD12EF28,4F63A1A1-168F-67EB-4E26-C98C6DDD602B,2020-11-09,D+
605,F99C396B-651A-6CC9-642A-86EC0D7D9471,96E68D43-AC34-BD44-0DEA-B4A7FE369C23,2021-08-07,C-
606,3AA1182C-ABD1-ABF6-36A9-5833DD3375A9,8D8258D9-BDB8-7AEA-2EEE-9EE9919DA168,2016-11-11,D
607,1ECDE44C-FA80-B1B7-55B3-AC6BB57DC5B2,73EAF2F7-DB87-D234-1A24-99CDBEA85D0D,2017-12-23,B
608,99B28EF4-D47A-FD3D-0298-5D783BDC2C3F,57B3588A-6C3C-4989-7174-3F43C90430DB,2018-05-09,C+
609,4DC3EBE9-9273-D5C6-4EFE-979A6A39FD36,57B3588A-6C3C-4989-7174-3F43C90430DB,2018-07-28,B+
610,4D954573-D9C7-01E7-EAEC-8EAE910FB29E,6CA75BE8-5BC1-0C03-5765-9A9C39E9566A,2021-09-09,B-
611,251531CB-F77F-D1A2-5414-F7C14CC89CF8,1ACB9339-5635-37EB-F8AA-591BB2293545,2021-05-19,B
612,ABAC3A56-4A9C-F8D1-91E4-46481B939228,C4219BE4-3719-BDB6-DA42-F192189ACD7A,2019-06-15,B-
613,251531CB-F77F-D1A2-5414-F7C14CC89CF8,6CAE2E54-C4DB-E2BC-5873-C19A9572A442,2020-12-05,D-
614,4DC3EBE9-9273-D5C6-4EFE-979A6A39FD36,D285539E-55AE-69FF-6186-A7A4BB3133E1,2020-11-02,C
615,1ECDE44C-FA80-B1B7-55B3-AC6BB57DC5B2,DE9634A4-BBC3-E5D2-CE36-AB514E9490AB,2019-08-13,C
616,ABAC3A56-4A9C-F8D1-91E4-46481B939228,8D8258D9-BDB8-7AEA-2EEE-9EE9919DA168,2018-06-30,D
617,676E235A-73A2-FD5D-2AAE-BE9D67988A5A,49A09EAA-E6B8-FD2D-74EB-5C761CA47534,2017-09-29,A+
618,DF643763-AD6D-DD37-14BA-3726E2C4A2B7,3EF8EC1C-AB16-C6AF-8FBB-341067AF272D,2017-08-26,A+
619,233A3393-AF24-F522-DF5F-C0DAFE8B391B,176B2A21-85E1-F1E1-78DB-961DE4C248B6,2017-11-14,D-
620,DF643763-AD6D-DD37-14BA-3726E2C4A2B7,3B4348D1-5BC3-D9CA-F6B5-FC1890113689,2018-06-07,C-
621,F99C396B-651A-6CC9-642A-86EC0D7D9471,BC958A2C-5384-8F5E-DD4E-BA3021B777BB,2016-11-10,B-
622,F99C396B-651A-6CC9-642A-86EC0D7D9471,5DA81C44-9B7E-3457-74EE-BC9ED4D97B3D,2020-05-26,C+
623,FBA41AB5-BD23-5D83-8D6E-B64AED8C315E,684D3B18-92E1-AD78-1D94-78C99A111D60,2018-12-29,B+
624,FBA41AB5-BD23-5D83-8D6E-B64AED8C315E,C2ABD702-11F3-AA4D-A60B-8173B4CACCE4,2018-01-30,D-
625,DA430AD1-845C-437C-E99D-6C39F7A4413B,1C65D026-6474-58DD-B09B-D429744E422E,2021-02-05,B+
626,07DD54FC-B7B3-1585-C120-F9E41BB353D8,6CA75BE8-5BC1-0C03-5765-9A9C39E9566A,2018-08-15,A
627,55E9D3E5-4AEB-CBE9-1E95-CCB28BE0BED0,F93680D4-6488-4DC8-9BE4-6CAE34EC90CB,2020-06-24,B
628,2C50CDC7-1AAC-2C83-5786-1B7643EBB47E,6490D38E-977E-070C-0C39-38784FD4D10D,2016-12-01,B+
629,543ACB58-16F0-366B-A18A-E15B894AD9E9,17BC2097-8B9C-FE2C-9DB3-A7936C8A7768,2018-12-25,F
630,55E9D3E5-4AEB-CBE9-1E95-CCB28BE0BED0,54673C31-10D3-D39A-2DA8-9C1CC428B867,2021-09-21,A+
631,DF643763-AD6D-DD37-14BA-3726E2C4A2B7,892A0823-6911-C2C6-367F-A76A2ABC92B3,2018-09-09,D+
632,FBA41AB5-BD23-5D83-8D6E-B64AED8C315E,54673C31-10D3-D39A-2DA8-9C1CC428B867,2017-01-12,B+
633,07DD54FC-B7B3-1585-C120-F9E41BB353D8,552C1C4A-EE58-ED65-AF81-E8448FBA21F0,2017-03-21,B-
634,4DC3EBE9-9273-D5C6-4EFE-979A6A39FD36,5C8069F9-38AF-7836-4A7B-725584E368BE,2021-03-04,B-
635,07DD54FC-B7B3-1585-C120-F9E41BB353D8,B5AC1F76-5DA6-017A-2A6C-2C685AAD32A4,2020-11-14,C+
636,676E235A-73A2-FD5D-2AAE-BE9D67988A5A,9A1E59F5-E11C-DDBA-7247-5912C8A786A5,2019-02-06,C+
637,1ECDE44C-FA80-B1B7-55B3-AC6BB57DC5B2,A81CB611-26BD-3C34-774D-E44122749DEB,2018-05-16,A+
638,860AC510-9AEE-6EEC-EA56-84646D575447,D89322F9-0995-2330-43C0-857E828A966A,2018-05-14,A+
639,860AC510-9AEE-6EEC-EA56-84646D575447,BA606248-357B-7536-1797-3291DE32715A,2020-11-11,D
640,2C50CDC7-1AAC-2C83-5786-1B7643EBB47E,8AC65790-1636-37E8-A674-4E19A22096A2,2020-01-16,D
641,ABAC3A56-4A9C-F8D1-91E4-46481B939228,7569241E-2451-A646-9C79-B6B72E237378,2021-04-06,A
642,3AA1182C-ABD1-ABF6-36A9-5833DD3375A9,B5AC1F76-5DA6-017A-2A6C-2C685AAD32A4,2019-09-26,B
643,251531CB-F77F-D1A2-5414-F7C14CC89CF8,1325E6D1-E308-1B88-06E7-986DE8710194,2019-12-11,B+
644,251531CB-F77F-D1A2-5414-F7C14CC89CF8,E5C66A3A-1D75-6F42-6175-E80CE7226456,2018-03-15,B
645,4DC3EBE9-9273-D5C6-4EFE-979A6A39FD36,69EC1EB5-9B44-5D28-956B-1D46FCAB60C9,2019-08-15,B
646,543ACB58-16F0-366B-A18A-E15B894AD9E9,152424AC-4766-89A6-2CEA-82EA99E05256,2018-03-31,D-
647,A2EB3077-9B68-97D4-9963-9B3462E9C35B,5DA81C44-9B7E-3457-74EE-BC9ED4D97B3D,2016-12-07,D
648,4D954573-D9C7-01E7-EAEC-8EAE910FB29E,B4B5C026-4EF6-D225-C84B-D726FFA7327F,2018-05-31,F
649,1B13349B-3DA1-37E1-0546-6E1CD9395F94,0FA94B37-D1B3-6619-4AEE-7BF43D594361,2018-09-15,C+
650,99B28EF4-D47A-FD3D-0298-5D783BDC2C3F,013F16BE-3E6C-88B1-24E8-71DAA51E24FD,2020-10-14,A-
651,860AC510-9AEE-6EEC-EA56-84646D575447,95034968-874A-353E-BEC0-D9207DAED219,2020-05-15,D
652,07DD54FC-B7B3-1585-C120-F9E41BB353D8,6E6D565E-6D74-BBD3-6653-6973D11D48E5,2020-01-21,D
653,4DC3EBE9-9273-D5C6-4EFE-979A6A39FD36,7FD2C226-EBF8-DB59-F24F-6EB0559FD173,2021-08-11,A-
654,A39E9D52-2146-BA6F-D955-4C60C68CF133,73EAF2F7-DB87-D234-1A24-99CDBEA85D0D,2017-10-21,B
655,83C5589D-44B7-587C-AF68-50F3BD12EF28,A6A1D23A-DF37-392A-9EB2-B6E68E436F08,2018-11-04,C
656,55E9D3E5-4AEB-CBE9-1E95-CCB28BE0BED0,1E94F2A5-DD88-A4DA-AE16-1757B3A9CF57,2018-04-26,C
657,418D4CDD-A4ED-5EF2-1134-CECF969C45E9,8D8258D9-BDB8-7AEA-2EEE-9EE9919DA168,2019-01-07,F
658,4DC3EBE9-9273-D5C6-4EFE-979A6A39FD36,152424AC-4766-89A6-2CEA-82EA99E05256,2017-12-25,F
659,860AC510-9AEE-6EEC-EA56-84646D575447,1C65D026-6474-58DD-B09B-D429744E422E,2020-04-21,D-
660,4D954573-D9C7-01E7-EAEC-8EAE910FB29E,E26A379E-9DA5-D7F7-E188-91D76DDC82C5,2017-12-05,B
661,ABAC3A56-4A9C-F8D1-91E4-46481B939228,71A67367-D999-424B-C8FB-4DCA2326300C,2021-09-15,F
662,4DC3EBE9-9273-D5C6-4EFE-979A6A39FD36,D285539E-55AE-69FF-6186-A7A4BB3133E1,2017-05-23,C-
663,F99C396B-651A-6CC9-642A-86EC0D7D9471,4ECAEDB6-B2F6-C77C-2785-C3E107AD2B1D,2019-01-30,F
664,DF643763-AD6D-DD37-14BA-3726E2C4A2B7,176B2A21-85E1-F1E1-78DB-961DE4C248B6,2020-04-08,B
665,F99C396B-651A-6CC9-642A-86EC0D7D9471,9B1B7101-C5C8-1EE3-88B8-DA09A8436B25,2020-12-25,C-
666,99B28EF4-D47A-FD3D-0298-5D783BDC2C3F,F476AE58-B31B-F23B-D496-44B2720ECD95,2018-11-01,D-
667,4DC3EBE9-9273-D5C6-4EFE-979A6A39FD36,E8634804-8BB2-6724-B945-5C3B14A39522,2021-04-22,A-
668,83C5589D-44B7-587C-AF68-50F3BD12EF28,A7F9B5A6-CEC9-67B3-D0DB-34F773EEB98B,2021-04-27,B+
669,91851D1A-1CB9-1F92-0D58-EA3EAAE4AE8E,71A67367-D999-424B-C8FB-4DCA2326300C,2017-06-20,B+
670,E1E8D645-7474-2073-13A6-148E846F8719,53121C3E-FCB8-CB44-7381-BE13D95D5B58,2020-05-31,F
671,A2EB3077-9B68-97D4-9963-9B3462E9C35B,10C73A35-EBE4-D2E7-946E-E41DEF3E7AD1,2019-07-31,C-
672,3AA1182C-ABD1-ABF6-36A9-5833DD3375A9,4AADF33D-F735-6981-1BDE-15AC8FCD1D07,2021-01-18,B+
673,F99C396B-651A-6CC9-642A-86EC0D7D9471,82E865EB-4FC4-B675-35A6-181DC9D39B02,2021-07-26,C-
674,FBA41AB5-BD23-5D83-8D6E-B64AED8C315E,0537C921-ED1D-D912-3BA0-C4030BAFB338,2017-04-02,D
675,1B13349B-3DA1-37E1-0546-6E1CD9395F94,BCE4EA22-C77B-C57D-C66D-9564D26037D8,2019-03-31,F
676,99B28EF4-D47A-FD3D-0298-5D783BDC2C3F,B4B5C026-4EF6-D225-C84B-D726FFA7327F,2020-04-04,D-
677,DA430AD1-845C-437C-E99D-6C39F7A4413B,BA606248-357B-7536-1797-3291DE32715A,2016-12-22,C-
678,676E235A-73A2-FD5D-2AAE-BE9D67988A5A,4ECAEDB6-B2F6-C77C-2785-C3E107AD2B1D,2019-08-27,C
679,C253E446-2877-1E28-815B-37104CCCEEF5,6A9085E1-E642-5689-778B-2BCD501C8AAB,2020-07-04,B-
680,676E235A-73A2-FD5D-2AAE-BE9D67988A5A,71A67367-D999-424B-C8FB-4DCA2326300C,2017-05-20,D+
681,68C594E3-83A0-EACD-C681-576994EB041E,93E1AD3D-E514-E529-4932-6D9CE5EA455C,2019-04-22,D+
682,2C50CDC7-1AAC-2C83-5786-1B7643EBB47E,96E68D43-AC34-BD44-0DEA-B4A7FE369C23,2019-02-15,A-
683,68C594E3-83A0-EACD-C681-576994EB041E,41858618-9C5E-E132-D4E4-EE8B72DAB4C7,2019-12-08,A-
684,ABAC3A56-4A9C-F8D1-91E4-46481B939228,B313617D-421D-E846-57AE-5A4D64A12D38,2020-11-30,A-
685,3AA1182C-ABD1-ABF6-36A9-5833DD3375A9,9A24CF84-96EA-3F9C-87F6-39B68DC8D1BE,2018-11-27,C-
686,233A3393-AF24-F522-DF5F-C0DAFE8B391B,1C65D026-6474-58DD-B09B-D429744E422E,2018-10-19,C
687,A39E9D52-2146-BA6F-D955-4C60C68CF133,F843A625-D636-EC53-1002-97571AB1388C,2021-05-22,D+
688,4D954573-D9C7-01E7-EAEC-8EAE910FB29E,4D63CD67-82A4-0502-7DE6-A7CF1786F1B4,2020-08-19,C+
689,4DC3EBE9-9273-D5C6-4EFE-979A6A39FD36,D89322F9-0995-2330-43C0-857E828A966A,2020-11-03,F
690,C253E446-2877-1E28-815B-37104CCCEEF5,AA8011F4-C92E-D233-0896-DA46029196D3,2017-09-17,C+
691,233A3393-AF24-F522-DF5F-C0DAFE8B391B,B313617D-421D-E846-57AE-5A4D64A12D38,2018-02-26,D-
692,2C50CDC7-1AAC-2C83-5786-1B7643EBB47E,6E179BE8-95E9-EE0E-D7F1-E67F734F5DE6,2021-09-03,B+
693,E1E8D645-7474-2073-13A6-148E846F8719,B2CD93A4-061A-EC1A-9A65-24AE4DB4D07A,2019-03-22,C+
694,233A3393-AF24-F522-DF5F-C0DAFE8B391B,AA8011F4-C92E-D233-0896-DA46029196D3,2020-10-25,D-
695,2C50CDC7-1AAC-2C83-5786-1B7643EBB47E,2222EE78-298C-39EC-C42B-09DAE73F5974,2018-11-21,D+
696,3AA1182C-ABD1-ABF6-36A9-5833DD3375A9,A32A258A-768D-2DF0-9FE2-A75D36AA3AED,2020-04-19,B
697,3AA1182C-ABD1-ABF6-36A9-5833DD3375A9,013F16BE-3E6C-88B1-24E8-71DAA51E24FD,2018-01-26,C
698,F99C396B-651A-6CC9-642A-86EC0D7D9471,27787EBC-CAC9-09E5-68B8-8C9445B7EE0F,2017-03-15,C+
699,418D4CDD-A4ED-5EF2-1134-CECF969C45E9,594D3241-EA64-53BA-737C-A26ACA4DED65,2020-02-22,D+
700,E1E8D645-7474-2073-13A6-148E846F8719,41858618-9C5E-E132-D4E4-EE8B72DAB4C7,2020-05-27,D
701,428A3368-2033-E471-3DBB-E5E39FA22164,BBA3782E-2240-D7A2-D26D-AAE9E7843A7C,2019-07-10,B
702,F99C396B-651A-6CC9-642A-86EC0D7D9471,5DA81C44-9B7E-3457-74EE-BC9ED4D97B3D,2018-02-05,D
703,55E9D3E5-4AEB-CBE9-1E95-CCB28BE0BED0,89D21259-9932-A593-DB0F-D5B6827126A4,2018-07-05,A-
704,2C50CDC7-1AAC-2C83-5786-1B7643EBB47E,567499DB-39A3-14F3-9E7B-3DA5DBECAAC4,2017-03-28,D+
705,F99C396B-651A-6CC9-642A-86EC0D7D9471,34E5C978-017C-2314-65B4-218E890E1814,2020-03-26,C+
706,A2EB3077-9B68-97D4-9963-9B3462E9C35B,37760C63-4E56-B119-DA06-848AE4989F19,2019-03-15,C-
707,676E235A-73A2-FD5D-2AAE-BE9D67988A5A,93E1AD3D-E514-E529-4932-6D9CE5EA455C,2017-03-31,D-
708,F99C396B-651A-6CC9-642A-86EC0D7D9471,5893126D-4DAA-95CE-D6CD-2A2F1D72E63A,2021-09-02,F
709,55E9D3E5-4AEB-CBE9-1E95-CCB28BE0BED0,013F16BE-3E6C-88B1-24E8-71DAA51E24FD,2021-08-23,D
710,FBA41AB5-BD23-5D83-8D6E-B64AED8C315E,567499DB-39A3-14F3-9E7B-3DA5DBECAAC4,2020-10-22,C-
711,418D4CDD-A4ED-5EF2-1134-CECF969C45E9,39116DCD-913D-CC0D-847E-525404A6E0C5,2021-01-12,B+
712,83C5589D-44B7-587C-AF68-50F3BD12EF28,A32A258A-768D-2DF0-9FE2-A75D36AA3AED,2019-02-01,C
713,418D4CDD-A4ED-5EF2-1134-CECF969C45E9,6490D38E-977E-070C-0C39-38784FD4D10D,2020-05-02,A-
714,A39E9D52-2146-BA6F-D955-4C60C68CF133,79E5BDE7-6765-463E-42A3-8CF96A66A043,2020-08-06,A
715,ABAC3A56-4A9C-F8D1-91E4-46481B939228,E5C66A3A-1D75-6F42-6175-E80CE7226456,2021-02-16,B
716,ABAC3A56-4A9C-F8D1-91E4-46481B939228,552C1C4A-EE58-ED65-AF81-E8448FBA21F0,2018-10-26,D+
717,F99C396B-651A-6CC9-642A-86EC0D7D9471,32E3E2B8-51A0-DC37-79D0-7859D6A9E2CD,2021-06-24,F
718,860AC510-9AEE-6EEC-EA56-84646D575447,6607C7C7-5511-97EF-357E-146D98384DD3,2016-11-17,B-
719,55E9D3E5-4AEB-CBE9-1E95-CCB28BE0BED0,0768276D-EDDC-9D2D-2E73-36253B3A5CD8,2019-07-22,D+
720,676E235A-73A2-FD5D-2AAE-BE9D67988A5A,2833FA62-825B-36D5-CA12-348336C9304C,2020-01-09,D
721,DF643763-AD6D-DD37-14BA-3726E2C4A2B7,3A347285-6148-49CB-C02D-2DEBD71A72B8,2021-08-03,D-
722,428A3368-2033-E471-3DBB-E5E39FA22164,176B2A21-85E1-F1E1-78DB-961DE4C248B6,2019-01-07,A+
723,91851D1A-1CB9-1F92-0D58-EA3EAAE4AE8E,3A347285-6148-49CB-C02D-2DEBD71A72B8,2019-06-02,C-
724,A2EB3077-9B68-97D4-9963-9B3462E9C35B,552C1C4A-EE58-ED65-AF81-E8448FBA21F0,2018-05-10,C+
725,860AC510-9AEE-6EEC-EA56-84646D575447,433E335E-ABB3-10EC-AD2A-25F4AB6CC92B,2018-08-17,D-
726,07DD54FC-B7B3-1585-C120-F9E41BB353D8,CD2B16BE-D4DE-C9BF-151B-5DE605003843,2017-10-14,B
727,233A3393-AF24-F522-DF5F-C0DAFE8B391B,9B1B7101-C5C8-1EE3-88B8-DA09A8436B25,2020-10-27,D-
728,68C594E3-83A0-EACD-C681-576994EB041E,86CBEBD8-4691-034C-33ED-21A421442134,2017-01-06,D+
729,DA430AD1-845C-437C-E99D-6C39F7A4413B,A64A96C8-EE5C-B64B-AFF4-72F86244C5E7,2020-05-29,C+
730,4D954573-D9C7-01E7-EAEC-8EAE910FB29E,648A2DE2-9007-B9E0-314A-6311A693F159,2020-06-01,A
731,99B28EF4-D47A-FD3D-0298-5D783BDC2C3F,12FC492B-89C6-E589-28B5-86D54C28A103,2020-11-23,A+
732,543ACB58-16F0-366B-A18A-E15B894AD9E9,B634F3B8-85D3-B71C-7917-347328BEE052,2017-12-23,F
733,DF643763-AD6D-DD37-14BA-3726E2C4A2B7,12FC492B-89C6-E589-28B5-86D54C28A103,2020-02-01,B-
734,233A3393-AF24-F522-DF5F-C0DAFE8B391B,9A24CF84-96EA-3F9C-87F6-39B68DC8D1BE,2018-12-04,F
735,AF0C7752-6A63-55E2-A4ED-9B9B922A3EA6,C2ABD702-11F3-AA4D-A60B-8173B4CACCE4,2019-12-14,D
736,ABAC3A56-4A9C-F8D1-91E4-46481B939228,E271BD94-CCE9-228B-EB83-7DF87D8250FA,2021-01-16,C
737,543ACB58-16F0-366B-A18A-E15B894AD9E9,3E7D2A87-C511-84E1-A761-C4F45F86B9C6,2017-07-03,C-
738,543ACB58-16F0-366B-A18A-E15B894AD9E9,41858618-9C5E-E132-D4E4-EE8B72DAB4C7,2017-01-21,C
739,1ECDE44C-FA80-B1B7-55B3-AC6BB57DC5B2,9A24CF84-96EA-3F9C-87F6-39B68DC8D1BE,2017-08-06,F
740,418D4CDD-A4ED-5EF2-1134-CECF969C45E9,E4675BDE-E3F4-92E7-E841-279B6E68DC3E,2017-03-21,C
741,A39E9D52-2146-BA6F-D955-4C60C68CF133,9711FC7E-CB0D-9C7D-E9A5-31E70919B98A,2019-03-01,D
742,83C5589D-44B7-587C-AF68-50F3BD12EF28,3B4348D1-5BC3-D9CA-F6B5-FC1890113689,2021-03-07,A-
743,AB538452-2535-AD05-F812-CAAEDB63DC4F,BCE4EA22-C77B-C57D-C66D-9564D26037D8,2019-09-02,F
744,428A3368-2033-E471-3DBB-E5E39FA22164,A4A5AA24-2D73-42B6-7814-448DA013D2C3,2019-12-22,C+
745,68C594E3-83A0-EACD-C681-576994EB041E,43B039F5-7E5B-6CB2-14DD-D372DF76A4F6,2017-08-12,B-
746,860AC510-9AEE-6EEC-EA56-84646D575447,CA716A49-5494-6BBD-22C9-B49EECF5764D,2021-02-09,B+
747,676E235A-73A2-FD5D-2AAE-BE9D67988A5A,5F62BA05-9C16-E757-0257-72520846EE75,2017-12-03,B-
748,99B28EF4-D47A-FD3D-0298-5D783BDC2C3F,BA606248-357B-7536-1797-3291DE32715A,2020-02-24,A+
749,428A3368-2033-E471-3DBB-E5E39FA22164,BCE4EA22-C77B-C57D-C66D-9564D26037D8,2018-01-23,A-
750,ABAC3A56-4A9C-F8D1-91E4-46481B939228,32E3E2B8-51A0-DC37-79D0-7859D6A9E2CD,2019-03-31,F
751,418D4CDD-A4ED-5EF2-1134-CECF969C45E9,2AC7A1D4-55C3-ABDB-CD53-C59AD56E56EC,2019-03-05,D+
752,C253E446-2877-1E28-815B-37104CCCEEF5,7569241E-2451-A646-9C79-B6B72E237378,2020-04-18,A-
753,3AA1182C-ABD1-ABF6-36A9-5833DD3375A9,5DDF2B86-240E-4C32-3646-71AC054131C9,2019-01-27,A-
754,1B13349B-3DA1-37E1-0546-6E1CD9395F94,86CBEBD8-4691-034C-33ED-21A421442134,2019-06-21,D
755,F99C396B-651A-6CC9-642A-86EC0D7D9471,49A09EAA-E6B8-FD2D-74EB-5C761CA47534,2019-03-08,D+
756,E1E8D645-7474-2073-13A6-148E846F8719,DE5B9FE2-6648-DDD8-7648-31A6ECBA19D9,2019-08-24,B
757,4D954573-D9C7-01E7-EAEC-8EAE910FB29E,10C73A35-EBE4-D2E7-946E-E41DEF3E7AD1,2020-07-26,D+
758,F99C396B-651A-6CC9-642A-86EC0D7D9471,0768276D-EDDC-9D2D-2E73-36253B3A5CD8,2019-09-09,A
759,F99C396B-651A-6CC9-642A-86EC0D7D9471,43E5448F-9A21-3D7E-1424-66879CB4A1CD,2021-02-16,B-
760,676E235A-73A2-FD5D-2AAE-BE9D67988A5A,9A24CF84-96EA-3F9C-87F6-39B68DC8D1BE,2020-04-30,B
761,F99C396B-651A-6CC9-642A-86EC0D7D9471,32E3E2B8-51A0-DC37-79D0-7859D6A9E2CD,2019-10-28,D
762,A2EB3077-9B68-97D4-9963-9B3462E9C35B,86D7FB64-762E-54A4-79E9-725B53D67D8B,2021-01-18,D-
763,68C594E3-83A0-EACD-C681-576994EB041E,14341DD4-C485-5E2B-62C8-CB0AE3051BB1,2019-01-15,D
764,2C50CDC7-1AAC-2C83-5786-1B7643EBB47E,7FD2C226-EBF8-DB59-F24F-6EB0559FD173,2020-02-13,D
765,AF0C7752-6A63-55E2-A4ED-9B9B922A3EA6,3EF8EC1C-AB16-C6AF-8FBB-341067AF272D,2019-07-14,D
766,233A3393-AF24-F522-DF5F-C0DAFE8B391B,DC50889C-8D5E-A485-3C35-11842C3CC372,2021-02-25,B+
767,55E9D3E5-4AEB-CBE9-1E95-CCB28BE0BED0,E4675BDE-E3F4-92E7-E841-279B6E68DC3E,2018-09-06,C
768,418D4CDD-A4ED-5EF2-1134-CECF969C45E9,A2BDB2AC-7B3B-77E9-00EA-7984D5F4D1AC,2017-03-17,D+
769,676E235A-73A2-FD5D-2AAE-BE9D67988A5A,14732483-C8A5-D066-6B7A-D45BF153BB5C,2021-03-20,B
770,AF0C7752-6A63-55E2-A4ED-9B9B922A3EA6,D285539E-55AE-69FF-6186-A7A4BB3133E1,2017-09-30,A-
771,418D4CDD-A4ED-5EF2-1134-CECF969C45E9,4AADF33D-F735-6981-1BDE-15AC8FCD1D07,2020-01-28,D-
772,FBA41AB5-BD23-5D83-8D6E-B64AED8C315E,BC7CFDD9-87A2-3443-E17D-90A3FEA39F04,2019-10-03,A
773,FBA41AB5-BD23-5D83-8D6E-B64AED8C315E,892A0823-6911-C2C6-367F-A76A2ABC92B3,2020-12-26,D
774,676E235A-73A2-FD5D-2AAE-BE9D67988A5A,73EAF2F7-DB87-D234-1A24-99CDBEA85D0D,2021-05-30,A+
775,AF0C7752-6A63-55E2-A4ED-9B9B922A3EA6,C27B8680-56CD-37CA-97B2-B2A94C97DD17,2020-10-12,D+
776,AB538452-2535-AD05-F812-CAAEDB63DC4F,53121C3E-FCB8-CB44-7381-BE13D95D5B58,2018-07-15,C-
777,4D954573-D9C7-01E7-EAEC-8EAE910FB29E,89D21259-9932-A593-DB0F-D5B6827126A4,2020-02-21,C
778,F99C396B-651A-6CC9-642A-86EC0D7D9471,3F0AE123-4A1D-1CF2-B862-045E68FC9C4F,2019-07-19,C
779,860AC510-9AEE-6EEC-EA56-84646D575447,987386A3-6664-39DD-E6A3-2B68395DEE02,2021-05-02,C
780,3AA1182C-ABD1-ABF6-36A9-5833DD3375A9,6490D38E-977E-070C-0C39-38784FD4D10D,2020-10-31,B-
781,C253E446-2877-1E28-815B-37104CCCEEF5,8D8258D9-BDB8-7AEA-2EEE-9EE9919DA168,2018-08-07,F
782,ABAC3A56-4A9C-F8D1-91E4-46481B939228,E864EF83-6B12-40CB-9416-A49B14EAF36A,2017-01-03,A+
783,F99C396B-651A-6CC9-642A-86EC0D7D9471,C4219BE4-3719-BDB6-DA42-F192189ACD7A,2020-06-21,A-
784,543ACB58-16F0-366B-A18A-E15B894AD9E9,B9AB7B1A-7A52-823F-657A-878625D6C2D6,2020-01-10,B+
785,AF0C7752-6A63-55E2-A4ED-9B9B922A3EA6,6CAE2E54-C4DB-E2BC-5873-C19A9572A442,2019-02-15,B+
786,55E9D3E5-4AEB-CBE9-1E95-CCB28BE0BED0,EF5C34B9-1163-1ED9-E882-873692CF9789,2017-04-05,B+
787,A39E9D52-2146-BA6F-D955-4C60C68CF133,552C1C4A-EE58-ED65-AF81-E8448FBA21F0,2020-05-03,D
788,2C50CDC7-1AAC-2C83-5786-1B7643EBB47E,32E3E2B8-51A0-DC37-79D0-7859D6A9E2CD,2020-03-02,C
789,676E235A-73A2-FD5D-2AAE-BE9D67988A5A,B2B91744-BA44-8A58-BE69-145926A774E9,2017-10-14,A
790,07DD54FC-B7B3-1585-C120-F9E41BB353D8,EF5C34B9-1163-1ED9-E882-873692CF9789,2018-03-22,C+
791,F99C396B-651A-6CC9-642A-86EC0D7D9471,1E94F2A5-DD88-A4DA-AE16-1757B3A9CF57,2021-08-16,D-
792,543ACB58-16F0-366B-A18A-E15B894AD9E9,A2BDB2AC-7B3B-77E9-00EA-7984D5F4D1AC,2020-07-31,A+
793,233A3393-AF24-F522-DF5F-C0DAFE8B391B,39116DCD-913D-CC0D-847E-525404A6E0C5,2016-12-21,B
794,418D4CDD-A4ED-5EF2-1134-CECF969C45E9,37760C63-4E56-B119-DA06-848AE4989F19,2019-07-26,A+
795,99B28EF4-D47A-FD3D-0298-5D783BDC2C3F,D076E296-9CB6-82C6-8A48-916362F7759E,2020-07-24,D+
796,418D4CDD-A4ED-5EF2-1134-CECF969C45E9,D285539E-55AE-69FF-6186-A7A4BB3133E1,2017-06-02,C+
797,4DC3EBE9-9273-D5C6-4EFE-979A6A39FD36,B2B91744-BA44-8A58-BE69-145926A774E9,2021-03-20,D-
798,A39E9D52-2146-BA6F-D955-4C60C68CF133,8425430E-6B92-CC11-167C-69B9D31EEA43,2021-01-25,B
799,543ACB58-16F0-366B-A18A-E15B894AD9E9,A32A258A-768D-2DF0-9FE2-A75D36AA3AED,2019-12-20,B-
800,A2EB3077-9B68-97D4-9963-9B3462E9C35B,10683989-E14B-2ED1-EAB6-EE71B7799718,2020-08-21,A+
801,AB538452-2535-AD05-F812-CAAEDB63DC4F,14B38BD6-A2D6-18AB-71A6-F9883743635D,2018-07-18,D
802,3AA1182C-ABD1-ABF6-36A9-5833DD3375A9,B2B91744-BA44-8A58-BE69-145926A774E9,2021-10-31,B+
803,07DD54FC-B7B3-1585-C120-F9E41BB353D8,D89322F9-0995-2330-43C0-857E828A966A,2017-08-06,A+
804,860AC510-9AEE-6EEC-EA56-84646D575447,2BDAA9B6-9476-6483-1644-62A682B533B1,2017-05-06,C+
805,233A3393-AF24-F522-DF5F-C0DAFE8B391B,A7F9B5A6-CEC9-67B3-D0DB-34F773EEB98B,2017-07-28,B+
806,428A3368-2033-E471-3DBB-E5E39FA22164,C1414124-1E2F-AB55-AEB7-E93DF04DC429,2021-06-28,D
807,4D954573-D9C7-01E7-EAEC-8EAE910FB29E,648A2DE2-9007-B9E0-314A-6311A693F159,2017-08-02,D+
808,DA430AD1-845C-437C-E99D-6C39F7A4413B,6E179BE8-95E9-EE0E-D7F1-E67F734F5DE6,2020-09-23,D
809,1B13349B-3DA1-37E1-0546-6E1CD9395F94,3EF8EC1C-AB16-C6AF-8FBB-341067AF272D,2019-08-04,C+
810,1ECDE44C-FA80-B1B7-55B3-AC6BB57DC5B2,C4219BE4-3719-BDB6-DA42-F192189ACD7A,2021-03-08,C+
811,3AA1182C-ABD1-ABF6-36A9-5833DD3375A9,24C5A63D-89E1-DFE8-37FA-A1988B28DCD5,2018-10-15,C-
812,07DD54FC-B7B3-1585-C120-F9E41BB353D8,E2A704BC-463E-CB60-AE52-6B6B8960655E,2019-09-20,B+
813,233A3393-AF24-F522-DF5F-C0DAFE8B391B,F843A625-D636-EC53-1002-97571AB1388C,2018-11-23,F
814,4DC3EBE9-9273-D5C6-4EFE-979A6A39FD36,9A24CF84-96EA-3F9C-87F6-39B68DC8D1BE,2020-10-05,A+
815,AF0C7752-6A63-55E2-A4ED-9B9B922A3EA6,57B3588A-6C3C-4989-7174-3F43C90430DB,2017-05-02,D+
816,A2EB3077-9B68-97D4-9963-9B3462E9C35B,E5B507E8-B537-8DBD-C952-5A5F96CC8F78,2017-08-18,C
817,4DC3EBE9-9273-D5C6-4EFE-979A6A39FD36,A7F9B5A6-CEC9-67B3-D0DB-34F773EEB98B,2020-02-12,D+
818,91851D1A-1CB9-1F92-0D58-EA3EAAE4AE8E,2222EE78-298C-39EC-C42B-09DAE73F5974,2019-01-16,D
819,1ECDE44C-FA80-B1B7-55B3-AC6BB57DC5B2,29A6B575-981B-D96B-9AE9-B144C2535A25,2017-12-25,C-
820,428A3368-2033-E471-3DBB-E5E39FA22164,E4675BDE-E3F4-92E7-E841-279B6E68DC3E,2019-12-03,D-
821,ABAC3A56-4A9C-F8D1-91E4-46481B939228,10C73A35-EBE4-D2E7-946E-E41DEF3E7AD1,2018-11-03,C+
822,233A3393-AF24-F522-DF5F-C0DAFE8B391B,3A347285-6148-49CB-C02D-2DEBD71A72B8,2019-11-12,B+
823,251531CB-F77F-D1A2-5414-F7C14CC89CF8,15BE76DD-54AF-6BDD-5878-DE33DE23D977,2018-08-22,B-
824,55E9D3E5-4AEB-CBE9-1E95-CCB28BE0BED0,E3E90425-8344-8B50-505E-ABAAA6512519,2016-12-16,D-
825,68C594E3-83A0-EACD-C681-576994EB041E,BC7CFDD9-87A2-3443-E17D-90A3FEA39F04,2019-03-16,A
826,4D954573-D9C7-01E7-EAEC-8EAE910FB29E,1C65D026-6474-58DD-B09B-D429744E422E,2018-06-06,A+
827,E1E8D645-7474-2073-13A6-148E846F8719,152424AC-4766-89A6-2CEA-82EA99E05256,2020-09-11,B
828,251531CB-F77F-D1A2-5414-F7C14CC89CF8,D703D348-9287-6BEA-F3C7-097700D43BA5,2017-12-19,A
829,418D4CDD-A4ED-5EF2-1134-CECF969C45E9,B313617D-421D-E846-57AE-5A4D64A12D38,2017-12-15,B-
830,DA430AD1-845C-437C-E99D-6C39F7A4413B,C4219BE4-3719-BDB6-DA42-F192189ACD7A,2021-04-13,A
831,A2EB3077-9B68-97D4-9963-9B3462E9C35B,1D8C3B5A-B1D6-2645-65A3-81E7732398AD,2018-01-01,C
832,99B28EF4-D47A-FD3D-0298-5D783BDC2C3F,73A7E912-378E-4CF5-2EAE-186D0A991213,2019-09-28,F
833,4DC3EBE9-9273-D5C6-4EFE-979A6A39FD36,A2BDB2AC-7B3B-77E9-00EA-7984D5F4D1AC,2016-12-16,B-
834,F99C396B-651A-6CC9-642A-86EC0D7D9471,1A1E2493-BF55-37EE-8B74-D641D43AD416,2019-10-14,D-
835,AF0C7752-6A63-55E2-A4ED-9B9B922A3EA6,49A09EAA-E6B8-FD2D-74EB-5C761CA47534,2016-11-25,C
836,A39E9D52-2146-BA6F-D955-4C60C68CF133,818965AF-17F4-795D-0062-D0E942F14F44,2018-11-14,D
837,AB538452-2535-AD05-F812-CAAEDB63DC4F,684D3B18-92E1-AD78-1D94-78C99A111D60,2020-12-21,A-
838,543ACB58-16F0-366B-A18A-E15B894AD9E9,D7D44E1F-5114-D6A8-1C1A-399080BC2263,2018-04-08,B-
839,1B13349B-3DA1-37E1-0546-6E1CD9395F94,6A9085E1-E642-5689-778B-2BCD501C8AAB,2020-01-04,B-
840,07DD54FC-B7B3-1585-C120-F9E41BB353D8,3A347285-6148-49CB-C02D-2DEBD71A72B8,2019-12-19,C+
841,860AC510-9AEE-6EEC-EA56-84646D575447,24C5A63D-89E1-DFE8-37FA-A1988B28DCD5,2018-10-09,F
842,1ECDE44C-FA80-B1B7-55B3-AC6BB57DC5B2,1D8C3B5A-B1D6-2645-65A3-81E7732398AD,2021-01-16,A
843,FBA41AB5-BD23-5D83-8D6E-B64AED8C315E,34281572-2688-2956-6CCB-224FC40DB432,2020-03-10,B+
844,233A3393-AF24-F522-DF5F-C0DAFE8B391B,73A7E912-378E-4CF5-2EAE-186D0A991213,2020-08-13,F
845,C253E446-2877-1E28-815B-37104CCCEEF5,A38D93AA-4C83-D8D3-1ED3-1EB74076BAC8,2016-12-08,D+
846,E1E8D645-7474-2073-13A6-148E846F8719,B8E21E34-04E5-7304-73EA-5B2958D88384,2020-02-26,A+
847,68C594E3-83A0-EACD-C681-576994EB041E,BCE4EA22-C77B-C57D-C66D-9564D26037D8,2020-04-08,B+
848,FBA41AB5-BD23-5D83-8D6E-B64AED8C315E,433E335E-ABB3-10EC-AD2A-25F4AB6CC92B,2018-08-22,A+
849,68C594E3-83A0-EACD-C681-576994EB041E,17BC2097-8B9C-FE2C-9DB3-A7936C8A7768,2019-11-21,B-
850,99B28EF4-D47A-FD3D-0298-5D783BDC2C3F,E4675BDE-E3F4-92E7-E841-279B6E68DC3E,2018-07-19,B+
851,4DC3EBE9-9273-D5C6-4EFE-979A6A39FD36,B5B4EB8C-364E-9562-96A2-8780D98A6207,2018-03-12,A+
852,AF0C7752-6A63-55E2-A4ED-9B9B922A3EA6,95034968-874A-353E-BEC0-D9207DAED219,2017-08-21,D
853,676E235A-73A2-FD5D-2AAE-BE9D67988A5A,DE9634A4-BBC3-E5D2-CE36-AB514E9490AB,2019-12-16,C
854,C253E446-2877-1E28-815B-37104CCCEEF5,73A7E912-378E-4CF5-2EAE-186D0A991213,2018-06-14,C-
855,3AA1182C-ABD1-ABF6-36A9-5833DD3375A9,FC1C75E5-BAA7-E99A-E4CC-E2AF09372EA0,2020-06-21,C-
856,68C594E3-83A0-EACD-C681-576994EB041E,554733BA-91CB-913C-5E6D-43E5C74B3540,2019-07-14,D
857,1ECDE44C-FA80-B1B7-55B3-AC6BB57DC5B2,A32A258A-768D-2DF0-9FE2-A75D36AA3AED,2020-03-30,C+
858,4D954573-D9C7-01E7-EAEC-8EAE910FB29E,E8634804-8BB2-6724-B945-5C3B14A39522,2021-04-22,C
859,428A3368-2033-E471-3DBB-E5E39FA22164,53121C3E-FCB8-CB44-7381-BE13D95D5B58,2016-12-06,C
860,2C50CDC7-1AAC-2C83-5786-1B7643EBB47E,69EC1EB5-9B44-5D28-956B-1D46FCAB60C9,2021-08-26,B-
861,55E9D3E5-4AEB-CBE9-1E95-CCB28BE0BED0,32E3E2B8-51A0-DC37-79D0-7859D6A9E2CD,2017-07-25,D-
862,DF643763-AD6D-DD37-14BA-3726E2C4A2B7,987386A3-6664-39DD-E6A3-2B68395DEE02,2018-04-29,B-
863,A39E9D52-2146-BA6F-D955-4C60C68CF133,34E5C978-017C-2314-65B4-218E890E1814,2017-12-06,B-
864,AF0C7752-6A63-55E2-A4ED-9B9B922A3EA6,74E65BE4-7570-279B-572B-A6B49C6A3877,2017-12-13,C-
865,99B28EF4-D47A-FD3D-0298-5D783BDC2C3F,1E94F2A5-DD88-A4DA-AE16-1757B3A9CF57,2017-05-18,C+
866,83C5589D-44B7-587C-AF68-50F3BD12EF28,89D21259-9932-A593-DB0F-D5B6827126A4,2020-09-16,D
867,251531CB-F77F-D1A2-5414-F7C14CC89CF8,DE5B9FE2-6648-DDD8-7648-31A6ECBA19D9,2019-08-14,B+
868,55E9D3E5-4AEB-CBE9-1E95-CCB28BE0BED0,CB9670A1-5676-253E-DC8C-5B9CD714F9E7,2021-01-17,F
869,1B13349B-3DA1-37E1-0546-6E1CD9395F94,5DDF2B86-240E-4C32-3646-71AC054131C9,2017-12-22,C+
870,83C5589D-44B7-587C-AF68-50F3BD12EF28,14B38BD6-A2D6-18AB-71A6-F9883743635D,2020-05-19,C
871,FBA41AB5-BD23-5D83-8D6E-B64AED8C315E,FC1C75E5-BAA7-E99A-E4CC-E2AF09372EA0,2020-07-26,B-
872,07DD54FC-B7B3-1585-C120-F9E41BB353D8,5DDF2B86-240E-4C32-3646-71AC054131C9,2019-11-01,D
873,2C50CDC7-1AAC-2C83-5786-1B7643EBB47E,A2BDB2AC-7B3B-77E9-00EA-7984D5F4D1AC,2017-11-05,A
874,3AA1182C-ABD1-ABF6-36A9-5833DD3375A9,3E7D2A87-C511-84E1-A761-C4F45F86B9C6,2020-12-14,D+
875,A2EB3077-9B68-97D4-9963-9B3462E9C35B,176B2A21-85E1-F1E1-78DB-961DE4C248B6,2019-10-24,C
876,91851D1A-1CB9-1F92-0D58-EA3EAAE4AE8E,6CAE2E54-C4DB-E2BC-5873-C19A9572A442,2018-10-16,C+
877,ABAC3A56-4A9C-F8D1-91E4-46481B939228,E2C5106C-5831-E118-63C9-887C336CEC29,2020-01-14,B+
878,FBA41AB5-BD23-5D83-8D6E-B64AED8C315E,37760C63-4E56-B119-DA06-848AE4989F19,2020-03-28,F
879,AB538452-2535-AD05-F812-CAAEDB63DC4F,34E5C978-017C-2314-65B4-218E890E1814,2019-09-19,C-
880,251531CB-F77F-D1A2-5414-F7C14CC89CF8,CA716A49-5494-6BBD-22C9-B49EECF5764D,2017-09-04,A
881,418D4CDD-A4ED-5EF2-1134-CECF969C45E9,7CDAE322-E683-2790-9969-182504E13DB2,2020-07-13,D-
882,2C50CDC7-1AAC-2C83-5786-1B7643EBB47E,4F63A1A1-168F-67EB-4E26-C98C6DDD602B,2021-06-26,A-
883,4D954573-D9C7-01E7-EAEC-8EAE910FB29E,73A7E912-378E-4CF5-2EAE-186D0A991213,2021-10-13,A-
884,C253E446-2877-1E28-815B-37104CCCEEF5,54673C31-10D3-D39A-2DA8-9C1CC428B867,2020-11-07,A-
885,68C594E3-83A0-EACD-C681-576994EB041E,419EDDE1-687E-5DF3-528D-C328F8125327,2020-01-22,A-
886,2C50CDC7-1AAC-2C83-5786-1B7643EBB47E,74E65BE4-7570-279B-572B-A6B49C6A3877,2016-12-25,B
887,DF643763-AD6D-DD37-14BA-3726E2C4A2B7,594D3241-EA64-53BA-737C-A26ACA4DED65,2019-02-16,B+
888,418D4CDD-A4ED-5EF2-1134-CECF969C45E9,DE9634A4-BBC3-E5D2-CE36-AB514E9490AB,2019-07-22,A+
889,4D954573-D9C7-01E7-EAEC-8EAE910FB29E,C2ABD702-11F3-AA4D-A60B-8173B4CACCE4,2021-04-27,B
890,233A3393-AF24-F522-DF5F-C0DAFE8B391B,A4A5AA24-2D73-42B6-7814-448DA013D2C3,2016-12-31,B
891,91851D1A-1CB9-1F92-0D58-EA3EAAE4AE8E,CA716A49-5494-6BBD-22C9-B49EECF5764D,2017-02-21,B-
892,2C50CDC7-1AAC-2C83-5786-1B7643EBB47E,62C62537-5FC9-ED75-BF74-A486B14A776C,2018-08-24,C+
893,1B13349B-3DA1-37E1-0546-6E1CD9395F94,8AC65790-1636-37E8-A674-4E19A22096A2,2018-08-11,A+
894,251531CB-F77F-D1A2-5414-F7C14CC89CF8,2AC7A1D4-55C3-ABDB-CD53-C59AD56E56EC,2021-05-16,D
895,FBA41AB5-BD23-5D83-8D6E-B64AED8C315E,CA716A49-5494-6BBD-22C9-B49EECF5764D,2019-12-26,C+
896,860AC510-9AEE-6EEC-EA56-84646D575447,3EF8EC1C-AB16-C6AF-8FBB-341067AF272D,2018-04-01,C-
897,ABAC3A56-4A9C-F8D1-91E4-46481B939228,43E5448F-9A21-3D7E-1424-66879CB4A1CD,2021-01-19,B-
898,3AA1182C-ABD1-ABF6-36A9-5833DD3375A9,433E335E-ABB3-10EC-AD2A-25F4AB6CC92B,2020-01-03,A-
899,AF0C7752-6A63-55E2-A4ED-9B9B922A3EA6,725BBC88-7803-260B-9B78-33DBBB9B05E2,2021-03-31,C-
900,3AA1182C-ABD1-ABF6-36A9-5833DD3375A9,14732483-C8A5-D066-6B7A-D45BF153BB5C,2020-10-14,D+
901,860AC510-9AEE-6EEC-EA56-84646D575447,3EF8EC1C-AB16-C6AF-8FBB-341067AF272D,2020-04-12,C
902,AF0C7752-6A63-55E2-A4ED-9B9B922A3EA6,987386A3-6664-39DD-E6A3-2B68395DEE02,2017-06-11,C
903,4DC3EBE9-9273-D5C6-4EFE-979A6A39FD36,F843A625-D636-EC53-1002-97571AB1388C,2017-12-14,A-
904,860AC510-9AEE-6EEC-EA56-84646D575447,C4219BE4-3719-BDB6-DA42-F192189ACD7A,2019-07-20,F
905,A2EB3077-9B68-97D4-9963-9B3462E9C35B,2BDAA9B6-9476-6483-1644-62A682B533B1,2019-05-26,C-
906,68C594E3-83A0-EACD-C681-576994EB041E,39463A65-E266-A981-E87D-23C7D4CD33F6,2021-06-12,D+
907,A39E9D52-2146-BA6F-D955-4C60C68CF133,3B4348D1-5BC3-D9CA-F6B5-FC1890113689,2020-07-18,C
908,3AA1182C-ABD1-ABF6-36A9-5833DD3375A9,39463A65-E266-A981-E87D-23C7D4CD33F6,2017-08-13,C-
909,FBA41AB5-BD23-5D83-8D6E-B64AED8C315E,BE798462-D15C-00E5-3C1B-354091C086DB,2019-01-05,F
910,99B28EF4-D47A-FD3D-0298-5D783BDC2C3F,15BE76DD-54AF-6BDD-5878-DE33DE23D977,2017-07-09,B-
911,A39E9D52-2146-BA6F-D955-4C60C68CF133,37760C63-4E56-B119-DA06-848AE4989F19,2018-07-20,C
912,DF643763-AD6D-DD37-14BA-3726E2C4A2B7,B9356B62-191C-7542-4A7D-A023A1BD675C,2018-07-19,F
913,4D954573-D9C7-01E7-EAEC-8EAE910FB29E,43B039F5-7E5B-6CB2-14DD-D372DF76A4F6,2020-03-05,C
914,DF643763-AD6D-DD37-14BA-3726E2C4A2B7,73B44813-9350-BC3C-2CD7-8B4EAD8AEEE9,2020-03-27,C-
915,C253E446-2877-1E28-815B-37104CCCEEF5,C27B8680-56CD-37CA-97B2-B2A94C97DD17,2018-08-22,F
916,83C5589D-44B7-587C-AF68-50F3BD12EF28,A6A1D23A-DF37-392A-9EB2-B6E68E436F08,2019-10-18,A-
917,83C5589D-44B7-587C-AF68-50F3BD12EF28,E2A704BC-463E-CB60-AE52-6B6B8960655E,2020-01-27,A+
918,99B28EF4-D47A-FD3D-0298-5D783BDC2C3F,A2BDB2AC-7B3B-77E9-00EA-7984D5F4D1AC,2017-06-16,B
919,4D954573-D9C7-01E7-EAEC-8EAE910FB29E,A2BDB2AC-7B3B-77E9-00EA-7984D5F4D1AC,2017-08-18,D-
920,4D954573-D9C7-01E7-EAEC-8EAE910FB29E,5DDF2B86-240E-4C32-3646-71AC054131C9,2021-10-08,D-
921,A39E9D52-2146-BA6F-D955-4C60C68CF133,71A67367-D999-424B-C8FB-4DCA2326300C,2017-06-23,B-
922,543ACB58-16F0-366B-A18A-E15B894AD9E9,45879C5E-698A-69F8-A5A8-0918B5C16842,2021-10-06,D
923,DA430AD1-845C-437C-E99D-6C39F7A4413B,3A347285-6148-49CB-C02D-2DEBD71A72B8,2021-09-09,C-
924,ABAC3A56-4A9C-F8D1-91E4-46481B939228,176B2A21-85E1-F1E1-78DB-961DE4C248B6,2017-12-11,B-
925,860AC510-9AEE-6EEC-EA56-84646D575447,D703D348-9287-6BEA-F3C7-097700D43BA5,2019-10-04,C+
926,55E9D3E5-4AEB-CBE9-1E95-CCB28BE0BED0,4D63CD67-82A4-0502-7DE6-A7CF1786F1B4,2020-08-13,C
927,55E9D3E5-4AEB-CBE9-1E95-CCB28BE0BED0,39463A65-E266-A981-E87D-23C7D4CD33F6,2021-06-03,A
928,55E9D3E5-4AEB-CBE9-1E95-CCB28BE0BED0,49A09EAA-E6B8-FD2D-74EB-5C761CA47534,2016-12-17,C+
929,1B13349B-3DA1-37E1-0546-6E1CD9395F94,A2BDB2AC-7B3B-77E9-00EA-7984D5F4D1AC,2019-01-16,A+
930,1ECDE44C-FA80-B1B7-55B3-AC6BB57DC5B2,86D7FB64-762E-54A4-79E9-725B53D67D8B,2018-10-06,D+
931,FBA41AB5-BD23-5D83-8D6E-B64AED8C315E,95CE27EC-C683-5778-72F9-718EE98EFDEB,2017-04-26,C
932,ABAC3A56-4A9C-F8D1-91E4-46481B939228,D076E296-9CB6-82C6-8A48-916362F7759E,2020-06-13,D
933,68C594E3-83A0-EACD-C681-576994EB041E,43E5448F-9A21-3D7E-1424-66879CB4A1CD,2021-02-13,A+
934,418D4CDD-A4ED-5EF2-1134-CECF969C45E9,8D8258D9-BDB8-7AEA-2EEE-9EE9919DA168,2019-03-11,A
935,C253E446-2877-1E28-815B-37104CCCEEF5,4F63A1A1-168F-67EB-4E26-C98C6DDD602B,2019-10-21,D+
936,DA430AD1-845C-437C-E99D-6C39F7A4413B,5588A1D7-8D32-6211-E79D-2232BD693615,2021-02-09,D+
937,99B28EF4-D47A-FD3D-0298-5D783BDC2C3F,419EDDE1-687E-5DF3-528D-C328F8125327,2020-06-15,A
938,C253E446-2877-1E28-815B-37104CCCEEF5,1ACB9339-5635-37EB-F8AA-591BB2293545,2018-10-15,A-
939,1ECDE44C-FA80-B1B7-55B3-AC6BB57DC5B2,1407716C-A72F-2ABB-AC66-E2319BE4DCEC,2021-04-06,D+
940,DF643763-AD6D-DD37-14BA-3726E2C4A2B7,5127D3B3-9A06-184A-AE8B-322EA763524F,2019-04-17,B+
941,2C50CDC7-1AAC-2C83-5786-1B7643EBB47E,B634F3B8-85D3-B71C-7917-347328BEE052,2018-11-26,C-
942,251531CB-F77F-D1A2-5414-F7C14CC89CF8,7FD2C226-EBF8-DB59-F24F-6EB0559FD173,2017-04-17,A+
943,AF0C7752-6A63-55E2-A4ED-9B9B922A3EA6,2BDAA9B6-9476-6483-1644-62A682B533B1,2018-01-12,A-
944,A39E9D52-2146-BA6F-D955-4C60C68CF133,E2A704BC-463E-CB60-AE52-6B6B8960655E,2020-06-17,D-
945,99B28EF4-D47A-FD3D-0298-5D783BDC2C3F,71A67367-D999-424B-C8FB-4DCA2326300C,2017-07-01,C-
946,676E235A-73A2-FD5D-2AAE-BE9D67988A5A,567499DB-39A3-14F3-9E7B-3DA5DBECAAC4,2020-12-12,A-
947,99B28EF4-D47A-FD3D-0298-5D783BDC2C3F,433E335E-ABB3-10EC-AD2A-25F4AB6CC92B,2021-08-31,C-
948,ABAC3A56-4A9C-F8D1-91E4-46481B939228,E2A704BC-463E-CB60-AE52-6B6B8960655E,2019-04-27,D-
949,860AC510-9AEE-6EEC-EA56-84646D575447,C4219BE4-3719-BDB6-DA42-F192189ACD7A,2018-04-19,B-
950,F99C396B-651A-6CC9-642A-86EC0D7D9471,DE5B9FE2-6648-DDD8-7648-31A6ECBA19D9,2021-05-30,D+
951,418D4CDD-A4ED-5EF2-1134-CECF969C45E9,B5B4EB8C-364E-9562-96A2-8780D98A6207,2019-01-04,D+
952,233A3393-AF24-F522-DF5F-C0DAFE8B391B,48548749-8343-76B4-7B35-374A62143461,2021-03-18,A
953,1B13349B-3DA1-37E1-0546-6E1CD9395F94,6CAE2E54-C4DB-E2BC-5873-C19A9572A442,2021-01-10,A-
954,543ACB58-16F0-366B-A18A-E15B894AD9E9,1E94F2A5-DD88-A4DA-AE16-1757B3A9CF57,2020-01-11,A
955,07DD54FC-B7B3-1585-C120-F9E41BB353D8,AE3A95FB-C7DA-6D93-6C52-A5BDBDBBDAC2,2018-09-13,D-
956,676E235A-73A2-FD5D-2AAE-BE9D67988A5A,54673C31-10D3-D39A-2DA8-9C1CC428B867,2020-01-25,B+
957,A2EB3077-9B68-97D4-9963-9B3462E9C35B,D89322F9-0995-2330-43C0-857E828A966A,2018-06-30,F
958,3AA1182C-ABD1-ABF6-36A9-5833DD3375A9,93E1AD3D-E514-E529-4932-6D9CE5EA455C,2018-08-19,A-
959,AB538452-2535-AD05-F812-CAAEDB63DC4F,BC7CFDD9-87A2-3443-E17D-90A3FEA39F04,2021-10-01,C-
960,4DC3EBE9-9273-D5C6-4EFE-979A6A39FD36,52962BBD-8B09-747F-299B-E5EB45185315,2018-04-27,F
961,860AC510-9AEE-6EEC-EA56-84646D575447,E2C5106C-5831-E118-63C9-887C336CEC29,2021-04-30,F
962,1B13349B-3DA1-37E1-0546-6E1CD9395F94,5DA81C44-9B7E-3457-74EE-BC9ED4D97B3D,2017-06-30,B-
963,676E235A-73A2-FD5D-2AAE-BE9D67988A5A,9A1E59F5-E11C-DDBA-7247-5912C8A786A5,2016-11-02,B
964,C253E446-2877-1E28-815B-37104CCCEEF5,152424AC-4766-89A6-2CEA-82EA99E05256,2017-08-12,C+
965,543ACB58-16F0-366B-A18A-E15B894AD9E9,AE3A95FB-C7DA-6D93-6C52-A5BDBDBBDAC2,2016-11-02,C
966,07DD54FC-B7B3-1585-C120-F9E41BB353D8,86CBEBD8-4691-034C-33ED-21A421442134,2019-05-19,A+
967,233A3393-AF24-F522-DF5F-C0DAFE8B391B,34281572-2688-2956-6CCB-224FC40DB432,2019-05-03,C+
968,55E9D3E5-4AEB-CBE9-1E95-CCB28BE0BED0,B8E21E34-04E5-7304-73EA-5B2958D88384,2019-06-21,A+
969,DF643763-AD6D-DD37-14BA-3726E2C4A2B7,3B4348D1-5BC3-D9CA-F6B5-FC1890113689,2021-03-26,A
970,A2EB3077-9B68-97D4-9963-9B3462E9C35B,1E94F2A5-DD88-A4DA-AE16-1757B3A9CF57,2019-02-21,D
971,55E9D3E5-4AEB-CBE9-1E95-CCB28BE0BED0,987386A3-6664-39DD-E6A3-2B68395DEE02,2021-02-07,A+
972,251531CB-F77F-D1A2-5414-F7C14CC89CF8,6CAE2E54-C4DB-E2BC-5873-C19A9572A442,2021-06-09,B+
973,99B28EF4-D47A-FD3D-0298-5D783BDC2C3F,0A5576AE-9E38-5333-EABE-7E8DE0F3ACD3,2021-03-12,C-
974,2C50CDC7-1AAC-2C83-5786-1B7643EBB47E,151B8449-EB8B-864D-DB61-11E11D477CFD,2018-08-12,C+
975,543ACB58-16F0-366B-A18A-E15B894AD9E9,0A5576AE-9E38-5333-EABE-7E8DE0F3ACD3,2020-06-13,D-
976,233A3393-AF24-F522-DF5F-C0DAFE8B391B,CA716A49-5494-6BBD-22C9-B49EECF5764D,2019-06-23,D+
977,251531CB-F77F-D1A2-5414-F7C14CC89CF8,37760C63-4E56-B119-DA06-848AE4989F19,2020-08-28,A-
978,860AC510-9AEE-6EEC-EA56-84646D575447,63ADC824-2480-2ADE-244C-8C3B42BC1969,2020-12-17,B+
979,428A3368-2033-E471-3DBB-E5E39FA22164,2AC7A1D4-55C3-ABDB-CD53-C59AD56E56EC,2019-12-14,C+
980,233A3393-AF24-F522-DF5F-C0DAFE8B391B,A38D93AA-4C83-D8D3-1ED3-1EB74076BAC8,2018-05-03,C+
981,FBA41AB5-BD23-5D83-8D6E-B64AED8C315E,A3935073-FCBA-8297-5E79-25ECC3BC7FBA,2018-05-22,C-
982,2C50CDC7-1AAC-2C83-5786-1B7643EBB47E,0A5576AE-9E38-5333-EABE-7E8DE0F3ACD3,2021-03-15,B-
983,AB538452-2535-AD05-F812-CAAEDB63DC4F,45879C5E-698A-69F8-A5A8-0918B5C16842,2019-03-23,C+
984,99B28EF4-D47A-FD3D-0298-5D783BDC2C3F,B634F3B8-85D3-B71C-7917-347328BEE052,2021-09-22,A
985,1B13349B-3DA1-37E1-0546-6E1CD9395F94,55A02FB6-4337-F148-4251-D61988772CA5,2018-08-19,B-
986,C253E446-2877-1E28-815B-37104CCCEEF5,D285539E-55AE-69FF-6186-A7A4BB3133E1,2019-06-13,B
987,860AC510-9AEE-6EEC-EA56-84646D575447,BA606248-357B-7536-1797-3291DE32715A,2017-04-01,C-
988,543ACB58-16F0-366B-A18A-E15B894AD9E9,FC1C75E5-BAA7-E99A-E4CC-E2AF09372EA0,2018-04-30,A-
989,4D954573-D9C7-01E7-EAEC-8EAE910FB29E,17BC2097-8B9C-FE2C-9DB3-A7936C8A7768,2017-02-06,B-
990,233A3393-AF24-F522-DF5F-C0DAFE8B391B,34281572-2688-2956-6CCB-224FC40DB432,2021-09-20,D+
991,418D4CDD-A4ED-5EF2-1134-CECF969C45E9,B2B91744-BA44-8A58-BE69-145926A774E9,2017-09-01,D
992,4D954573-D9C7-01E7-EAEC-8EAE910FB29E,0537C921-ED1D-D912-3BA0-C4030BAFB338,2020-07-28,A+
993,E1E8D645-7474-2073-13A6-148E846F8719,123B4733-8447-42F6-092D-83CCAEAA0B04,2019-12-20,B+
994,07DD54FC-B7B3-1585-C120-F9E41BB353D8,37760C63-4E56-B119-DA06-848AE4989F19,2020-06-16,D+
995,68C594E3-83A0-EACD-C681-576994EB041E,E2A704BC-463E-CB60-AE52-6B6B8960655E,2018-06-17,B-
996,860AC510-9AEE-6EEC-EA56-84646D575447,596871A5-9D24-8145-F126-D3EB45BA95B4,2018-04-01,A-
997,A39E9D52-2146-BA6F-D955-4C60C68CF133,B5AC1F76-5DA6-017A-2A6C-2C685AAD32A4,2017-06-26,D-
998,DF643763-AD6D-DD37-14BA-3726E2C4A2B7,8425430E-6B92-CC11-167C-69B9D31EEA43,2017-05-21,A+
999,DA430AD1-845C-437C-E99D-6C39F7A4413B,45879C5E-698A-69F8-A5A8-0918B5C16842,2018-01-10,D
1000,C253E446-2877-1E28-815B-37104CCCEEF5,596871A5-9D24-8145-F126-D3EB45BA95B4,2020-12-22,D+
